smiles,target
COc1ncc2cc(C(=O)Nc3cc(C(=O)NC(CCN)C4CCCCC4)ccc3Cl)c(=O)[nH]c2n1,1.0
Cc1cc(-c2ccc3ncc4nnn(Cc5ccc(F)cc5)c4c3c2)ccn1,1.0
Cc1ccc([C@@H](C)n2nnc3cnc4ccc(-c5ccnc(C)c5)cc4c32)cc1,1.0
Cc1cc(-c2ccc3ncc4nnn([C@@H](C)c5ccccc5)c4c3c2)ccn1,1.0
Cc1cc(-c2ccc3ncc4nnn([C@H](C)c5ccc(F)cc5)c4c3c2)ccn1,1.0
Cc1cc(-c2ccc3ncc4nnn([C@H](C)c5ccccc5)c4c3c2)ccn1,1.0
C[C@@H](c1ccc(F)cc1)n1nnc2cnc3ccc(-c4ccncc4)cc3c21,0.0
Cc1cc(-c2ccc3ncc4nnn([C@@H](C)c5ccc(F)cc5)c4c3c2)ccn1,0.0
Cc1ccc([C@H](C)n2nnc3cnc4ccc(-c5ccnc(C)c5)cc4c32)cc1,0.0
Cc1cc(-c2ccc3ncc4nnn([C@@H](C)c5ccc(Cl)cc5)c4c3c2)ccn1,0.0
COc1cc(-c2ccc3ncc4nnn([C@@H](C)c5ccc(F)cc5)c4c3c2)ccn1,0.0
c1cc(-c2ccc3c(c2)OCO3)nc(Nc2ccc3c(c2)OCO3)n1,1.0
NC(=O)c1cc(-c2cn3ccncc3n2)ccc1O,0.0
Cc1nc(NCc2cccs2)c2c(-c3ccnc(N)c3)c[nH]c2n1,1.0
O=C1NC(N[C@H]2c3ccccc3C[C@@H]2O)=N/C1=C\c1ccc2ncsc2c1,1.0
Cc1nc(NCc2ccoc2)c2c(-c3ccnc(N)c3)c[nH]c2n1,1.0
C[C@@H](c1ccc(F)cc1)n1nnc2cnc3ccc(-c4ccc(C(N)=O)cc4)cc3c21,0.0
COc1ccc(-c2ccc3ncc4nnn([C@@H](C)c5ccc(F)cc5)c4c3c2)cc1,0.0
Cc1cc(-c2ccc3ncc4nnn([C@@H](C)c5ccc(F)cc5)c4c3c2)ccc1F,0.0
C[C@@H](c1ccc(F)cc1)n1nnc2cnc3ccc(-c4ccc(C#N)cc4)cc3c21,0.0
C[C@@H](c1ccc(F)cc1)n1nnc2cnc3ccc(-c4ccccc4)cc3c21,0.0
Nc1nccc(-c2c[nH]c3c(Cl)cccc23)n1,1.0
Nc1nccc(-c2c[nH]c3cc(C(F)(F)F)ccc23)n1,1.0
Nc1nccc(-c2c[nH]c3c(Br)cccc23)n1,1.0
N#Cc1cccc2c(-c3ccnc(N)n3)c[nH]c12,1.0
COc1cccc2c(-c3ccnc(N)n3)c[nH]c12,1.0
Nc1nccc(-c2c[nH]c3cc(Cl)ccc23)n1,1.0
COc1ccc2c(-c3ccnc(N)n3)c[nH]c2c1,1.0
Nc1nccc(-c2c[nH]c3ccccc23)n1,1.0
COCCn1cc(-c2ccnc(N)n2)c2cc(Br)ccc21,0.0
Cn1ccc2cc(/C=C3\N=C(NC4CCCCCC4)NC3=O)ccc21,0.0
O=C1NC(NC2CCCCCC2)=N/C1=C\c1ccc2[nH]ccc2c1,0.0
c1nc(NCC2CCCOC2)c2cc(-c3ccc4c(c3)OCO4)ccc2n1,1.0
Clc1cc(Cl)cc(CNc2cc(-c3ccc4c(c3)OCO4)ncn2)c1,0.0
Clc1ccc(CNc2cc(-c3ccc4c(c3)OCO4)ncn2)cc1,0.0
Clc1ccc(CNc2cc(-c3ccc4c(c3)OCO4)ncn2)cc1Cl,0.0
c1cnn2ncc(-c3ccnc(N4CCC5(CCOC5)C4)n3)c2c1,1.0
c1cc(-c2cn(CCC3CC3)c3cnccc23)ccn1,1.0
COc1ccc2ncc(-c3ccnc(SC)n3)n2n1,1.0
COc1ccc2ncc(-c3ccnc(N)n3)n2n1,0.0
CC[C@@H](CO)Nc1ccc2ncc(-c3ccnc(SC)n3)n2n1,0.0
CC[C@@H](CO)Nc1ccc2ncc(-c3ccnc(S(C)(=O)=O)n3)n2n1,0.0
CC[C@@H](CO)Nc1ccc2ncc(-c3ccnc(N)n3)n2n1,0.0
CC[C@@H](CO)Nc1ccc2ncc(-c3ccnc([S+](C)[O-])n3)n2n1,0.0
COc1ccc2ncc(-c3ccnc([S+](C)[O-])n3)n2n1,0.0
CN(C)c1nccc(-c2cnc3cccnn23)n1,0.0
CCc1cc2c(cc1-c1cccc(S(=O)(=O)F)c1)C(C)(C)c1[nH]c3cc(C#N)ccc3c1C2=O,1.0
COc1ccc(-c2c3c4cc(OC)c(O)cc4oc(=O)c3n3ccc4cc(O)c(OC)cc4c23)cc1O,1.0
COc1cc(C)c(-c2c3c4cc(OC)c(O)cc4oc(=O)c3n3ccc4cc(O)c(OC)cc4c23)cc1O,1.0
CN1C(=O)[C@@H](N2CCc3cn(Cc4ccccc4)nc3C2=O)COc2ccccc21,1.0
CN1C(=O)[C@@H](N2CCc3c(nn(Cc4ccccc4)c3Br)C2=O)COc2ccccc21,1.0
COc1ncc(-c2ccnc(N(C)C)n2)s1,0.0
Cc1ccsc1CN(C)c1ncnc2ccc(-c3ccc(CO)o3)cc12,1.0
CCOC(=O)c1ccc(-c2ccc3ncnc(NCc4cccs4)c3c2)o1,0.0
c1coc(-c2ccc3ncnc(NCc4cccs4)c3c2)c1,0.0
OCc1ccc(-c2ccc3ncnc(NCc4cccs4)c3c2)o1,0.0
O=C(O)c1ccc(-c2ccc3ncnc(NCc4cccs4)c3c2)o1,0.0
O=C1Nc2cc(S(=O)(=O)Cc3c(Cl)cccc3Cl)ccc2S/C1=C\c1ccc(O)c([N+](=O)[O-])c1,0.0
COc1ccc2nc3c(CO)cc(OC)cc3c(SC[C@H]3CCNC3)c2c1,0.0
COc1ccc2c(n1)[nH]c1c3ccncc3cc(C#N)c21,1.0
N#Cc1cc2cnccc2c2[nH]c3ncccc3c12,1.0
O=C1C(c2ccc(O)cc2O)=CC(=O)c2c(O)cccc21,0.0
O=C1C=C(c2ccc(O)c(O)c2O)C(=O)c2c(O)ccc(O)c21,0.0
CCN1/C(=C/C(C)=O)Sc2ccc(OC)cc21,1.0
CCN1/C(=C/C(C)=O)Sc2ccc(O)cc21,1.0
Cn1ccc(NC2=N/C(=C\c3ccc4ncsc4c3)C(=O)N2)n1,1.0
CCOc1cc(/C=C2\SC(=S)NC2=O)ccc1OC,1.0
CCOc1cc(/C=C2\SC(=S)NC2=O)ccc1O,1.0
COc1ccc(/C=C2\SC(=S)NC2=O)cc1C#C[Si](C)(C)C,1.0
COc1ccc(/C=C2\SC(=S)NC2=O)cc1C#C[Si](C(C)C)(C(C)C)C(C)C,0.0
COc1ccc(/C=C2\SC(=S)NC2=O)cc1C#C[Si]([Si](C)(C)C)([Si](C)(C)C)[Si](C)(C)C,0.0
COc1ccc(/C=C2\SC(=S)NC2=O)cc1C#C[Si](C)(C)[Si](C)(C)C,0.0
CC[Si](C#Cc1cc(/C=C2\SC(=S)NC2=O)ccc1OC)(CC)CC,0.0
COc1ccc(/C=C2\SC(=S)NC2=O)cc1C#C[Si](C)(C)C(C)(C)C,0.0
COc1ccc(/C=C2\SC(=S)NC2=O)cc1/C=C/C(C)(C)C,0.0
COc1ccc(/C=C2\SC(=S)NC2=O)cc1/C=C/[Si](C)(C)C,0.0
Fc1cccc(/C=N/c2cnc3[nH]cc(-c4cncc(F)c4)c3c2)c1,1.0
Fc1ccc(/C=N/c2cnc3[nH]cc(-c4cncc(F)c4)c3c2)cc1,0.0
COC[C@@H](CC(C)C)NC1=N/C(=C\c2ccc3nn(C)cc3c2)C(=O)N1,1.0
COC[C@@H](CC(C)C)NC1=N/C(=C\c2ccc3nn(C)cc3c2)C(=O)N1C,1.0
CC(C)[C@@H](CO)Nc1ccc2ncc(-c3cccnc3)n2n1,1.0
CC[C@@H](CO)Nc1ccc2ncc(-c3cccnc3)n2n1,1.0
CCOC(=O)Nc1ccc2ncc(-c3cccnc3)n2n1,0.0
Clc1ccc2ncc(-c3cccnc3)n2n1,0.0
N#Cc1cc2ncccc2c2[nH]c3ccccc3c12,0.0
COc1ccc(-c2cc(N)nc(N)n2)cc1,1.0
Cn1ncc2ccc(-c3ccc4ncnc(NCc5cccs5)c4c3)cc21,0.0
O=C(NCc1ccccc1)c1cnc2[nH]cc(-c3cc(F)c4nccc(-c5cccnc5)c4c3)c2c1,1.0
Cc1cccnc1NC(=O)Nc1cccc2c1C1CC3(CCN1C2=O)OCCO3,0.0
Cc1cccc(NC(=O)Nc2cccc3c2C2CC4(CCN2C3=O)OCCO4)n1,0.0
O=C(Nc1ccccn1)Nc1cccc2c1C1CC3(CCN1C2=O)OCCO3,0.0
CNC(=O)c1cnc2[nH]cc(-c3ccc4ncc(N)c(N5CCC[C@H](N)C5)c4c3)c2c1,1.0
CNC(=O)c1cnc2[nH]cc(-c3cc(F)c4nccc(N5CCC[C@H](N)C5)c4c3)c2c1,1.0
N[C@H]1CCCN(c2ccnc3ccc(-c4c[nH]c5ncccc45)cc23)C1,1.0
CNC(=O)c1cnc2[nH]cc(-c3cc(F)c4nccc(N5CCC[C@@H](N)C5)c4c3)c2c1,1.0
CNC(=O)c1cnc2[nH]cc(-c3ccc4ncc([N+](=O)[O-])c(N5CCC[C@H](N)C5)c4c3)c2c1,1.0
c1n[nH]cc1-c1ccc2occ(-c3ccc(C45CC6CC(CC(C6)C4)C5)cc3)c2n1,0.0
NCCC(NC(=O)c1ccc(Cl)c(NC(=O)c2cc3cnc(N4CC5CCC(C4)O5)nc3[nH]c2=O)c1)c1ccccc1,1.0
Nc1cc(-c2ccc3ncoc3c2)cc(N)n1,1.0
O=C(Nc1cncc(-c2cc(-c3cccnc3)cs2)c1)c1c(F)cc(F)cc1F,1.0
COc1ccc(C(=O)Nc2cncc(-c3cc(-c4cccnc4)cs3)c2)c(F)c1,1.0
O=C(Nc1cncc(-c2cc(-c3cccnc3)cs2)c1)c1ccc(F)cc1F,1.0
Cc1ccc(C(=O)Nc2cncc(-c3cc(-c4cccnc4)cs3)c2)cc1,1.0
O=C(Nc1cncc(-c2cc(-c3cccnc3)cs2)c1)c1ccccc1Cl,1.0
O=C(Nc1cncc(-c2cc(-c3cccnc3)cs2)c1)c1ccccc1F,1.0
O=C(Nc1cncc(-c2cc(-c3cccnc3)cs2)c1)c1ccc(F)cc1,1.0
COc1ccc(N)cc1-c1cnc(N)c(C(=O)c2cccnc2)n1,0.0
N#Cc1cc2ccccn2c2nc3ccccc3c1-2,0.0
Fc1cc(-c2c[nH]c3ncc(CNCc4ccccc4)cc23)cc2c(-c3cccnc3)ccnc12,1.0
COc1cc(/C=C2\S/C(=N/c3ccc(C)c(C)c3)NC2=O)ccc1OCc1ccc2ccccc2c1,0.0
CN[C@@H]1C[C@H]2O[C@@](C)([C@@H]1OC)n1c3ccccc3c3c4c(c5c6ccccc6n2c5c31)C(=O)NC4,1.0
COc1ccc2c(-c3ccncc3)c[nH]c2n1,0.0
Cn1c(Br)c(C#N)c2c(N)ncnc21,0.0
COC(=N)c1nc2ccc3ncnc(Nc4ccc(N5CCCC5)cc4)c3c2s1,1.0
COc1cc(/C=C/C(=O)CC(=O)/C=C/c2ccc(O)c(OC)c2)ccc1O,1.0
CN(c1nccc(-c2cnn3ncccc23)n1)C1CC1,1.0
CC(C)N(c1nccc(-c2cnn3ncccc23)n1)C1CC1,0.0
Cn1c(=O)c(S(=O)(=O)c2ccc(F)cc2F)cc2cnc(Nc3ccc4[nH]ccc4c3)nc21,0.0
O=C1NC(NCC(O)Cc2ccccc2)=N/C1=C\c1ccc2ncsc2c1,1.0
COC(CNC1=N/C(=C\c2ccc3ncsc3c2)C(=O)N1)Cc1ccccc1,1.0
Cn1cc(-c2cnc3c(-c4csc(C(=O)N[C@@H]5CCCC[C@@H]5N)c4)cnn3c2)cn1,1.0
O=C1NC(Nc2ccc(-c3ccccc3)cc2)=N/C1=C\c1ccc2c(c1)OCO2,0.0
COc1ccc(/C=C2\CC(C)OC2=O)cc1,0.0
COc1ccc(/C=C2\CCOC2=O)cc1,0.0
CC(C)(c1ccc(O)cc1)c1ccc(O)cc1,0.0
N=C(NCCCCCCNC(=N)NC(=N)Nc1ccc(Cl)cc1)NC(=N)Nc1ccc(Cl)cc1,0.0
COc1ccc2c(c1)[nH]c1c(Cl)nccc12,1.0
COc1ccc2c(c1)[nH]c1c(C)nccc12,1.0
COC(=O)C(C)(C)CCn1c2cc(OC)ccc2c2ccnc(C)c21,1.0
COc1ccc2c3ccnc(C)c3n(CCC(C)C(N)=O)c2c1,1.0
COc1ccc2c3ccnc(Cl)c3n(CC#N)c2c1,1.0
COC(=O)C(C)CCn1c2cc(OC)ccc2c2ccnc(C)c21,1.0
COc1ccc2c3ccnc(C)c3n(CCCC(N)=O)c2c1,1.0
COC(=O)CCCn1c2cc(OC)ccc2c2ccnc(C)c21,1.0
COC(=O)CCn1c2cc(OC)ccc2c2ccnc(C)c21,1.0
COc1ccc2c3ccnc(C)c3n(C)c2c1,1.0
CCCn1c2cc(OC)ccc2c2ccnc(C)c21,1.0
CCCCn1c2cc(OC)ccc2c2ccnc(C)c21,1.0
COc1ccc2c3ccnc(C)c3n(CCCNC(=O)OC(C)(C)C)c2c1,1.0
COc1ccc2c(c1)[nH]c1c(C)nc(CO)cc12,1.0
COc1ccc2c(c1)[nH]c1c(CO)nccc12,1.0
COc1ccc2c(c1)[nH]c1c(C(F)(F)F)nccc12,1.0
COC(=O)Cn1c2cc(OC)ccc2c2ccnc(C)c21,1.0
COc1ccc2c(c1)[nH]c1c(C(C)=O)nccc12,1.0
COc1ccc2c3ccnc(C)c3n(CCCNC(C)=O)c2c1,1.0
COc1ccc2c3ccnc(C)c3n(CC#N)c2c1,1.0
COc1ccc2c3ccnc(C)c3n(CCCCC(N)=O)c2c1,1.0
COC(=O)CCOc1ccc2c(c1)[nH]c1c(C)nccc12,1.0
Cc1nccc2c1[nH]c1cc(O)ccc12,1.0
COC(=O)CCCCn1c2cc(OC)ccc2c2ccnc(C)c21,1.0
COc1ccc2c3ccnc(C)c3n(CCCN(C)C(C)=O)c2c1,1.0
COC(=O)CCCCCn1c2cc(OC)ccc2c2ccnc(C)c21,1.0
COc1ccc2c3ccnc(C)c3n(CCC(N)=O)c2c1,1.0
COc1ccc2c3ccnc(C)c3n(CCCN)c2c1,1.0
COc1ccc2c3ccnc(C)c3n(CCCCCC(N)=O)c2c1,1.0
COc1ccc2c3ccnc(C)c3n(CCCCNC(C)=O)c2c1,1.0
COc1ccc2c3ccnc(Cl)c3n(CC=N)c2c1,1.0
COc1ccc2c3ccnc(C)c3n(CCCCN(C)C(C)=O)c2c1,1.0
CCn1c2cc(OC)ccc2c2ccnc(C)c21,1.0
COc1ccc2c(c1)[nH]c1c(C(C)O)nccc12,1.0
COc1ccc2c3ccnc(C)c3n(CCCC(=O)O)c2c1,1.0
COc1ccc2c(c1)[nH]c1c(C)nc(C)cc12,1.0
COc1ccc2c3ccnc(C)c3n(CCC(=O)O)c2c1,0.0
Cc1nccc2c1[nH]c1ccccc12,0.0
c1ccc2c(c1)[nH]c1cnccc12,0.0
COCc1ccc2c(c1)[nH]c1c(C)nccc12,0.0
Cc1nccc2c1[nH]c1cc(C(=O)O)ccc12,0.0
Cc1nccc2c1[nH]c1cc(CO)ccc12,0.0
CC(=O)c1nccc2c1[nH]c1ccccc12,0.0
COCCOc1ccc2c(c1)[nH]c1c(C)nccc12,0.0
COC(=O)c1ccc2c(c1)[nH]c1c(C)nccc12,0.0
O=C1NC(NC2CCCCC2)=N/C1=C\c1ccc2c(c1)OCO2,1.0
O=C1NC(N[C@@H]2CN3CCC2CC3)=N/C1=C\c1ccc2ncsc2c1,1.0
Nc1cc(-c2ccc3occc3c2)cc(NCCc2ccsc2)n1,1.0
COc1ccc(/C=C2\CCCOC2=O)cc1,0.0
COc1cc2ncnc(Nc3cc(-c4ccc(Cl)cc4)[nH]n3)c2cc1OC,0.0
COc1cc2ncnc(Nc3cc(-c4ccc(F)cc4)[nH]n3)c2cc1OC,0.0
COc1cc2ncnc(Nc3cc(-c4ccccc4)[nH]n3)c2cc1OC,0.0
COc1ccc(-c2cc(Nc3ncnc4cc(OC)c(OC)cc34)n[nH]2)cc1,0.0
COc1c(O)ccc2c(=O)c3c(O)cc4c(c3[nH]c12)C=CC(C)(C)O4,1.0
CC1(C)C=Cc2c(cc(O)c3c(=O)c4cccc(O)c4[nH]c23)O1,0.0
COc1ccc(-c2n[nH]c(=O)c3[nH]c4ccc(OC)cc4c23)cc1,0.0
COc1ccc2[nH]c3c(=O)[nH]nc(-c4ccccc4)c3c2c1,0.0
COc1ccc2[nH]c3c(=O)[nH]nc(-c4ccc(C(F)(F)F)cc4)c3c2c1,0.0
Oc1ccc2c(c1)oc1c3ccccc3c(O)cc21,1.0
N=C(OCc1ccccc1)c1nc2ccc3ncnc(Nc4ccc5c(c4)OCO5)c3c2s1,1.0
COc1ccc2c(c1)CC(n1c(C)nc3ccc(-c4cc(N)nc(N)c4)nc31)C2,1.0
CC(C)n1cnc2c(Nc3cnccn3)nc(Cl)nc21,0.0
CC(C)(CC(=O)Nc1sc2c(c1C(=O)O)CCC2)NC(=O)Cc1sc2c(c1C(=O)O)CCC2,0.0
O=C1NC(NCc2nc3ccccc3s2)=N/C1=C\c1ccc2ncsc2c1,1.0
N[C@H]1CC[C@H](Nc2c([N+](=O)[O-])cnc3ccc(-c4c[nH]c5ncc(C(=O)NCc6cccnc6)cc45)cc23)CC1,1.0
COc1cccc(NC(=O)Nc2nnc(-c3ccncc3)s2)c1,0.0
CN(C)c1nccc(-c2cnc3ncccn23)n1,1.0
c1csc(CNc2ncnc3cc(-c4ccc5c(c4)OCO5)ccc23)c1,0.0
O=C1N=C(Nc2ccccc2)S/C1=C\c1ccc2c(c1)OCO2,0.0
O=C1NC(N2CCCCC2)=N/C1=C\c1ccc2c(c1)OCO2,1.0
COc1ccc2ncc(-c3cccc(/C=N/O)c3)n2n1,1.0
CC[C@@H](CO)Nc1ccc2ncc(-c3cccc(NC(C)=O)c3)n2n1,1.0
CC[C@H](CO)/N=C/c1cccc(-c2cnc3ccc(N[C@H](CC)CO)nn23)c1,1.0
CCOC(=O)c1cccc(-c2cnc3ccc(N[C@@H](CC)CO)nn23)c1,1.0
CC[C@@H](CO)Nc1ccc2ncc(-c3cccc(Cl)c3)n2n1,1.0
O/N=C/c1cccc(-c2cnc3ccc(Cl)nn23)c1,1.0
CC[C@@H](CO)Nc1ccc2ncc(-c3cccc(C=O)c3)n2n1,1.0
CC[C@@H](CO)Nc1ccc2ncc(-c3cccc(S(C)(=O)=O)c3)n2n1,1.0
CC[C@@H](CO)Nc1ccc2ncc(-c3cccc(/C=N/O)c3)n2n1,1.0
CC[C@@H](CO)/N=C/c1cccc(-c2cnc3ccc(N[C@@H](CC)CO)nn23)c1,1.0
CC[C@@H](CO)Nc1ccc2ncc(-c3cccc(SC)c3)n2n1,1.0
CC[C@@H](CO)N(C(C)=O)c1ccc2ncc(-c3cccc(NC(C)=O)c3)n2n1,1.0
CC[C@@H](CO)Nc1ccc2ncc(-c3cccc(C(F)(F)F)c3)n2n1,1.0
CCOC(=O)Nc1ccc2ncc(-c3cccc(Cl)c3)n2n1,1.0
O=Cc1cccc(-c2cnc3ccc(Cl)nn23)c1,1.0
CSc1ccc2ncc(-c3cccc(C(F)(F)F)c3)n2n1,1.0
CC[C@@H](CO)Nc1ccc2ncc(-c3ccc(C(F)(F)F)cc3)n2n1,0.0
COc1ccc2ncc(-c3cccc(C(F)(F)F)c3)n2n1,0.0
CC[C@@H](CO)NC(=O)c1cccc(-c2cnc3ccc(N[C@@H](CC)CO)nn23)c1,0.0
Clc1cccc(-c2cnc3ccc(Cl)nn23)c1,0.0
CC[C@@H](CO)Nc1ccc2ncc(-c3cccc(C(=O)O)c3)n2n1,0.0
CC[C@@H](CO)NC(=O)c1cccc(-c2cnc3ccc(Cl)nn23)c1,0.0
CC[C@@H](CO)NC(=O)c1cccc(-c2cnc3ccc(N[C@H](CC)CO)nn23)c1,0.0
CC[C@H](CO)NC(=O)c1cccc(-c2cnc3ccc(N[C@H](CC)CO)nn23)c1,0.0
CC[C@@H](CO)Nc1ccc2ncc(-c3cccc(N)c3)n2n1,0.0
COc1ccc2ncc(-c3ccc(C(F)(F)F)cc3)n2n1,0.0
O=Cc1cccc(-c2cnc3ccc(F)nn23)c1,0.0
Fc1ccc2ncc(-c3cccc(C(F)(F)F)c3)n2n1,0.0
FC(F)(F)c1ccc(-c2cnc3ccc(Cl)nn23)cc1,0.0
FC(F)(F)c1cccc(-c2cnc3ccc(Cl)nn23)c1,0.0
CC[C@H](CO)NC(=O)c1cccc(-c2cnc3ccc(N[C@@H](CC)CO)nn23)c1,0.0
CC[C@H](CO)NC(=O)c1cccc(-c2cnc3ccc(Cl)nn23)c1,0.0
Nc1cccc(-c2cnc3ccc(Cl)nn23)c1,0.0
CC[C@@H](CO)Nc1ccc2ncc(-c3cc(Cl)ccc3N)n2n1,0.0
Nc1ccc(Cl)cc1-c1cnc2ccc(Cl)nn12,0.0
Cn1cc(-c2ccc3occ(-c4cccc(C5CCNCC5)c4)c3n2)cn1,1.0
CN1CCC(c2cccc(-c3coc4ccc(-c5cnn(C)c5)nc34)c2)CC1,1.0
Cc1ccc(C(=O)Nc2nccc(-c3ccc4c(c3)OCCO4)n2)cc1,0.0
O=C1NC(=S)S/C1=C\c1ccc2ncsc2c1,1.0
Cc1n[nH]c2cc(Nc3nc(NC4CC4)c4occc4n3)ccc12,0.0
c1cc(-c2ccc3occc3c2)cc(N2CCNCC2)n1,0.0
CC(C)[C@H](CO)Nc1nc(Nc2ccncn2)c2ncn(C(C)C)c2n1,1.0
CC(C)[C@@H](CO)Nc1nc(Nc2ccncn2)c2ncn(C(C)C)c2n1,0.0
CC[C@@H](CO)Nc1nc(Nc2ccncn2)c2ncn(C(C)C)c2n1,0.0
CC[C@H](CO)Nc1nc(Nc2ccncn2)c2ncn(C(C)C)c2n1,0.0
CC(C)n1c(C(CO)CO)nc2c(Nc3ccncn3)ncnc21,0.0
CC(C)n1cnc2c(Nc3ccncn3)nc(Cl)nc21,0.0
CC(C)n1cnc2c(Nc3ccncn3)nc(C(C)(C)CO)nc21,0.0
COc1ccc(-n2c(C)c([N+](=O)[O-])c3ccc(O)cc32)cc1,0.0
COc1ccc(/C=C2\N=C(Nc3ccc(N4CCN(C)CC4)cc3)NC2=O)cc1O,1.0
COc1cc(/C=C2\N=C(Nc3ccc(N4CCN(C)CC4)cc3)NC2=O)ccc1O,1.0
COc1cc(/C=C2\N=C(Nc3ccc(N4CCNCC4)cc3)NC2=O)ccc1O,0.0
O=C1NC(NCc2ccncc2)=N/C1=C\c1ccc2ncsc2c1,1.0
C[C@]12O[C@H]([C@H](O)[C@H](O)[C@H]1O)n1c3ccccc3c3c4c(c5c6ccccc6n2c5c31)C(=O)NC4=O,1.0
Oc1ccc(-c2n[nH]c3ncc(-c4ccc(O)c(O)c4)cc23)cc1,1.0
Oc1ccc(-c2cnc3[nH]nc(-c4ccc(O)cc4)c3c2)cc1,1.0
COc1ccc(-c2n[nH]c3ncc(-c4ccc(NC(C)=O)cc4)cc23)cc1,1.0
CC(=O)Nc1cccc(-c2n[nH]c3ncc(-c4ccc(O)c(O)c4)cc23)c1,1.0
Oc1ccc(-c2cnc3[nH]nc(-c4ccccc4)c3c2)cc1,1.0
COc1ccc(-c2n[nH]c3ncc(-c4ccc(OC)c(OC)c4)cc23)cc1,1.0
Oc1cccc(-c2cnc3[nH]nc(-c4cccc(O)c4)c3c2)c1,1.0
COc1ccc(-c2cnc3[nH]nc(-c4cccc(NC(C)=O)c4)c3c2)cc1OC,1.0
c1ccc(-c2cnc3[nH]nc(-c4ccccc4)c3c2)cc1,0.0
Cn1cc2cc(/C=C3\N=C(NC4CCCCC4)NC3=O)ccc2n1,1.0
Cc1nc2ccc(-c3cc(N)nc(N)c3)nc2n1Cc1ccc(F)cc1,1.0
O=C(Nc1cncc(-c2cc(-c3cccnc3)cs2)c1)C1CCC1,1.0
O=C1NC(NC2CCCCCC2)=N/C1=C\c1ccc2ncoc2c1,1.0
Nc1cc(-c2ccc3nccn3c2)cc(N)n1,1.0
NS(=O)(=O)c1ccc(-c2cnc3[nH]cc(-c4cccnc4)c3c2)cc1,1.0
Nc1cccc(-c2cnc3[nH]cc(-c4cccnc4)c3c2)c1,1.0
O=C1NC(Nc2nncs2)=N/C1=C\c1ccc2ncsc2c1,1.0
CC(C)C[C@@H](O)Nc1nc(Nc2cccc(-c3cncnc3)c2)c2ncn(C(C)C)c2n1,1.0
CC(C)n1cnc2c(Nc3cccc(-c4cncnc4)c3)nc(Cl)nc21,0.0
CC(C)C(O)Nc1nc(Nc2cccc(-c3cncnc3)c2)c2ncn(C(C)C)c2n1,0.0
COc1cc(CCc2c(O)ccc(O[C@@H]3O[C@H](CO)[C@@H](O)[C@H](O)[C@H]3O)c2C(C)=O)ccc1O,0.0
O=C1NC(Nc2ccccc2)=N/C1=C\c1ccc2c(c1)OCO2,1.0
O=C1NC(Nc2ccc(O)c(F)c2)=N/C1=C\c1ccc2c(c1)OCO2,1.0
O=C1NC(Nc2ccc(O)cc2)=N/C1=C\c1ccc2c(c1)OCO2,1.0
Cc1ccc(NC2=N/C(=C\c3ccc4c(c3)OCO4)C(=O)N2)cc1,1.0
O=C1NC(Nc2cccc(F)c2)=N/C1=C\c1ccc2c(c1)OCO2,1.0
[2H]C1([2H])Oc2ccc(/C=C3\N=C(Nc4ccccc4)NC3=O)cc2O1,1.0
Cc1ccc(C)c(NC2=N/C(=C\c3ccc4c(c3)OCO4)C(=O)N2)c1,1.0
O=C1NC(Nc2ccc(F)cc2)=N/C1=C\c1ccc2c(c1)OCO2,1.0
NCCOCCOCCOCCOc1ccc(NC2=N/C(=C\c3ccc4c(c3)OCO4)C(=O)N2)cc1,1.0
NCCOCCOCCOc1ccc(NC2=N/C(=C\c3ccc4c(c3)OCO4)C(=O)N2)cc1,1.0
Cc1ccc(NC2=N/C(=C\c3ccc4c(c3)OCO4)C(=O)N2)c(C)c1,1.0
CN1C(=O)/C(=C/c2ccc3c(c2)OCO3)N=C1Nc1ccccc1,1.0
COc1ccc(NC2=N/C(=C\c3ccc4c(c3)OCO4)C(=O)N2)cc1,1.0
Cc1ccc(NC2=N/C(=C\c3ccc4c(c3)OCO4)C(=O)N2)cc1C,1.0
CN(C1=N/C(=C\c2ccc3c(c2)OCO3)C(=O)N1)c1ccccc1,1.0
CCCCCOc1ccc(NC2=N/C(=C\c3ccc4c(c3)OCO4)C(=O)N2)cc1,1.0
CCCCCCc1ccc(NC2=N/C(=C\c3ccc4c(c3)OCO4)C(=O)N2)cc1,0.0
O=c1[nH]c2ccc(C3=NN=C(NCc4ccccc4)SC3)cc2[nH]1,0.0
O=C(O)c1nc2cccnc2c2[nH]c3c(Br)cccc3c12,1.0
Cn1ccc2cc(/C=C3\N=C(NC4CCCCC4)NC3=O)ccc21,0.0
O=C1NC(NC2CCCCC2)=N/C1=C\c1ccc2[nH]ccc2c1,0.0
COc1cc2c3c(c1OC)-c1ccccc1C(=O)C3NCC2,0.0
Cc1cc(C(=O)NC2Nc3cccc(C)c3N2[C@H]2CCCCN(C(=O)/C=C/CN(C)C)C2)ccn1,0.0
O=C1NC(NC23CC4CC(CC(C4)C2)C3)=N/C1=C\c1ccc2ncoc2c1,1.0
Cc1n[nH]cc1-c1cc2nc([C@@H]3CCCCN3)[nH]c(=O)c2s1,1.0
COc1ccc2nc3ccc(OC)cc3c(SCCCN)c2c1,1.0
Cc1nc2ccc(-c3cc(N)nc(N)c3)nc2n1C1CC1,1.0
Cc1nc(N)c2c(C#N)c(-c3cccnc3)[nH]c2n1,1.0
Cc1nc(N)c2c(C#N)c(-c3cccnc3)n(C)c2n1,1.0
CCn1c(-c2cccnc2)c(C#N)c2c(N)nc(C)nc21,0.0
COC(=N)c1nc2ccc3ncnc(Nc4ccc5c(c4)CCO5)c3c2s1,1.0
Cn1cnc2ccc(/C=C3\N=C(NC45CC6CC(CC(C6)C4)C5)NC3=O)cc21,1.0
N#C/C(=C\c1ccccn1)c1c[nH]c2ccccc12,0.0
COc1ccc2sc(C(=O)N(C)Cc3cccc(F)c3)cc2c1,1.0
COc1ccc2sc(C(=O)N(C)Cc3cc(F)cc(F)c3)cc2c1,1.0
COc1ccc2sc(C(=O)N(C)Cc3ccccc3)cc2c1,1.0
COc1ccc2c(Cl)c(C(=O)N(C)Cc3ccccc3)sc2c1,0.0
Cc1nc(-c2ccc3c(c2)OCO3)c2c(-c3ccnc(N)c3)c[nH]c2n1,1.0
c1nc(NCC2CCCO2)c2cc(-c3ccc4c(c3)OCO4)ccc2n1,1.0
Nc1nccc(-c2c[nH]c3cnccc23)n1,1.0
Cc1nccc(-c2c[nH]c3cnccc23)n1,1.0
CN(C)c1nccc(-c2cn(C)c3cnccc23)n1,1.0
CN(C)c1nccc(-c2c[nH]c3cnccc23)n1,0.0
O=C(Nc1csc(-c2ccncc2)n1)Nc1cccc2c1C1CCCCN1C2=O,0.0
O=C1NC(NC2CCCCCC2)=N/C1=C\c1ccc2c(c1)CCO2,1.0
COC[C@H](NC1=N/C(=C\c2ccc3ncsc3c2)C(=O)N1)c1ccccc1,1.0
NCC(NC1=N/C(=C\c2ccc3ncsc3c2)C(=O)N1)c1ccccc1,1.0
O=C1NC(N[C@H](CO)c2ccccc2)=N/C1=C\c1ccc2ncsc2c1,1.0
O=C1NC(NCc2ccccc2C(F)(F)F)=N/C1=C\c1ccc2ncsc2c1,1.0
NC[C@H](NC1=N/C(=C\c2ccc3ncsc3c2)C(=O)N1)c1ccccc1,1.0
NC[C@@H](NC1=N/C(=C\c2ccc3ncsc3c2)C(=O)N1)c1ccccc1,1.0
CNCC(NC1=N/C(=C\c2ccc3ncsc3c2)C(=O)N1)c1ccccc1,1.0
Cc1ccc(CNC2=N/C(=C\c3ccc4ncsc4c3)C(=O)N2)c(C)c1,1.0
CC(C)(C)OC[C@H](NC1=N/C(=C\c2ccc3ncsc3c2)C(=O)N1)c1ccccc1,1.0
O=C1NC(NCc2ccccc2)=N/C1=C\c1ccc2ncsc2c1,1.0
Cc1ccc(CNC2=N/C(=C\c3ccc4ncsc4c3)C(=O)N2)cc1C,1.0
O=C1NC(NC(CF)c2ccccc2)=N/C1=C\c1ccc2ncsc2c1,1.0
COC[C@@H](NC1=N/C(=C\c2ccc3ncsc3c2)C(=O)N1)c1ccccc1,1.0
O=C1NC(NCc2ccccc2OC(F)(F)F)=N/C1=C\c1ccc2ncsc2c1,1.0
CN(C)CC(NC1=N/C(=C\c2ccc3ncsc3c2)C(=O)N1)c1ccccc1,1.0
O=C1NC(N[C@H]2C3CC4CC2C[C@](O)(C4)C3)=N/C1=C\c1ccc2ncsc2c1,1.0
O=C1NC(NC2C3CC4CC(C3)CC2C4)=N/C1=C\c1ccc2ncsc2c1,1.0
COC(=O)C1(NC2=N/C(=C\c3ccc4ncsc4c3)C(=O)N2)C2CC3CC(C2)CC1C3,1.0
CCNc1cc(Nc2ccc(C(=O)N3CCC(N4CCOCC4)CC3)cc2OC)nc2[nH]cc(C(F)(F)F)c12,1.0
O=C(Nc1ccc(NC(=O)C2CC2)cc1)Nc1nc2ccc(O)cc2s1,1.0
COc1ccc2c(c1)CCc1sc(NC(=O)c3ccc(OC)c(OC)c3)nc1-2,0.0
C[C@@H](c1ccc(F)cc1)n1nnc2cnc3ccc(-c4cccnc4)cc3c21,0.0
CN1CCN(c2ccc(NC3=N/C(=C\c4ccc5c(c4)OCCO5)C(=O)N3)cc2)CC1,1.0
O=C1NC(NC2CCOCC2)=N/C1=C\c1ccc2ncsc2c1,1.0
Cc1nccc2c3ccc(OCc4ccccc4)cc3n(Cc3ccccc3)c12,0.0
CC(C)C[C@H](COC1CC1)NC1=N/C(=C\c2ccc3ncsc3c2)C(=O)N1,1.0
COc1cc2ncnc(Nc3cc(-c4ccccc4)n(-c4ccccc4)n3)c2cc1OC,0.0
O=C(Nc1cccc(Br)n1)Nc1cccc2c1C1CC3(CCN1C2=O)SCCS3,0.0
Cc1cccc(NC(=O)Nc2cccc3c2C2CC4(CCN2C3=O)SCCS4)n1,0.0
O=C(Nc1ccc(Br)cn1)Nc1cccc2c1C1CC3(CCN1C2=O)SCCS3,0.0
O=C(Nc1ccccn1)Nc1cccc2c1C1CC3(CCN1C2=O)SCCS3,0.0
O=C(Nc1cc(-c2cn(C3CCOCC3)c3cnccc23)ccn1)N1CCOCC1,1.0
C[C@@H]1CN(C(=O)Nc2cc(-c3cn(C4CCOCC4)c4cnccc34)ccn2)C[C@H](C)O1,1.0
CN(c1ncccc1CNc1ccnc(-c2nc3c(F)c(Cl)ccc3[nH]2)n1)S(C)(=O)=O,0.0
COc1cc(O)c2c(c1)OC1c3cc(OC)c(O)cc3COC1C2=O,0.0
Nc1cc(-c2ccc3c(c2)CCO3)nc(N)n1,1.0
O=C1NC(N[C@@H](CO)CC2CCC2)=N/C1=C\c1ccc2ncsc2c1,1.0
CC(C)CC(=O)Nc1cncc(-c2ccc3[nH]nc(-c4nc5cncc(-c6cccc(F)c6)c5[nH]4)c3c2)c1,1.0
Nc1ncc(-c2c[nH]c3ncc(NCc4cc(F)cc(F)c4)cc23)cn1,1.0
COCCN1CCC(CNC(=O)c2n[nH]c3ccc(-c4cccc(F)c4F)cc23)CC1,1.0
O=C1NC(N[C@H]2CCOC2)=N/C1=C\c1ccc2ncsc2c1,1.0
c1cncc(-c2c[nH]c3cnccc23)c1,0.0
CN1C(=O)[C@@H](N2CCc3cn(CC4CCS(=O)(=O)CC4)nc3C2=O)COc2ccccc21,1.0
N[C@H]1CC[C@H](Nc2c(NCC3CCOCC3)cnc3ccc(-c4c[nH]c5ncc(C(=O)NCc6cccnc6)cc45)cc23)CC1,1.0
Cc1nc2ccc(-c3cc(N)nc(N)c3)nc2n1C1CCCC1,1.0
CO[C@H]1CCC[C@@H]1NC1=N/C(=C\c2ccc3ncsc3c2)C(=O)N1,1.0
O=C1NC(NC2CCC(F)(F)C2)=N/C1=C\c1ccc2ncsc2c1,1.0
CO[C@@H]1CCC[C@H]1NC1=N/C(=C\c2ccc3ncsc3c2)C(=O)N1,1.0
O=C1NC(N[C@@H]2CCC[C@H]2O)=N/C1=C\c1ccc2ncsc2c1,1.0
O=C1NC(NC2CCCC2)=N/C1=C\c1ccc2ncsc2c1,1.0
O=C1NC(N[C@@H]2CCC[C@@H]2O)=N/C1=C\c1ccc2ncsc2c1,1.0
CO[C@H]1CCC[C@H]1NC1=N/C(=C\c2ccc3ncsc3c2)C(=O)N1,1.0
O=C1NC(N[C@H]2CCCOC2)=N/C1=C\c1ccc2ncsc2c1,1.0
O=C1NC(N[C@@H]2COCC[C@H]2O)=N/C1=C\c1ccc2ncsc2c1,1.0
Cc1nccnc1NC(=O)Nc1cccc2c1C1CCCCN1C2=O,0.0
Cc1cncc(NC(=O)Nc2cccc3c2C2CCCCN2C3=O)n1,0.0
O=C(Nc1cnccn1)Nc1cccc2c1C1CCCCN1C2=O,0.0
Cc1cnc(NC(=O)Nc2cccc3c2C2CCCCN2C3=O)cn1,0.0
O=C1NC(NC2CC23CCCCC3)=N/C1=C\c1ccc2ncsc2c1,1.0
O=C1NC(=S)S/C1=C\c1ccc2c(c1)CCO2,1.0
Fc1cc(F)cc(CNc2cnc3[nH]cc(C4=CCCCC4)c3c2)c1,0.0
CNC(=O)c1cnc2[nH]cc(-c3ccc4ncc(NCc5cccc(Cl)c5)c(N5CCOCC5)c4c3)c2c1,1.0
COc1ncc(-c2n[nH]c3ncc(-c4ccc(OC)c(OC)c4)cc23)cn1,1.0
O=C(Nc1ccc(NC(=O)C2CCNCC2)cc1)Nc1nc2ccc(O)cc2s1,1.0
C=C(c1ccc2c(c1)CC(C)(C)c1c(N)ncnc1-2)C1CCNCC1,1.0
O=C(Nc1cncc(-c2cc(-c3cccnc3)cs2)c1)c1ccncc1,1.0
CN1CCN(c2ncc(NC3=N/C(=C\c4ccc5ncsc5c4)C(=O)N3)cn2)CC1,1.0
Cc1nc(NCc2ncccc2F)c2c(-c3ccnc(N)c3)c[nH]c2n1,1.0
CC(C)(C)c1ccc(-c2coc3ccc(-c4cnsc4)nc23)cc1,0.0
CC(=O)N1CCc2ccc(NC3=N/C(=C\c4ccc5ncsc5c4)C(=O)N3)cc21,1.0
O=C1NC(Nc2ccccc2)=N/C1=C\c1ccc2ncsc2c1,1.0
O=C1NC(Nc2ccc(F)cc2)=N/C1=C\c1ccc2ncsc2c1,1.0
O=C1NC(Nc2cccc(OC(F)F)c2)=N/C1=C\c1ccc2ncsc2c1,1.0
Cc1ccc(NC2=N/C(=C\c3ccc4ncsc4c3)C(=O)N2)cc1F,1.0
O=C1NC(Nc2cccc(C(F)(F)F)c2)=N/C1=C\c1ccc2ncsc2c1,1.0
CCCCCCc1ccc(NC2=N/C(=C\c3ccc4ncsc4c3)C(=O)N2)cc1,0.0
COc1cccc2c(/C(C#N)=C/c3cccnc3)c[nH]c12,0.0
COc1ccc2c(/C(C#N)=C/c3cccnc3)c[nH]c2c1,0.0
COc1ccc2[nH]cc(/C(C#N)=C/c3cnccc3C)c2c1,0.0
COc1cccc2[nH]cc(/C(C#N)=C/c3cccnc3)c12,0.0
COc1ccc2[nH]cc(/C(C#N)=C/c3cccnc3)c2c1,0.0
O=C1NC(Nc2ccccc2)=N/C1=C\c1ccc2c(c1)OCCO2,1.0
O=C1NC(NC2CCCCCC2)=N/C1=C\c1ccc2[nH]ncc2c1,1.0
Cn1ncc2cc(/C=C3\N=C(NC4CCCCCC4)NC3=O)ccc21,1.0
COc1ncc2cc(C(=O)Nc3cc(C(=O)N4CCc5ccccc5C4)ccc3Cl)c(=O)[nH]c2n1,0.0
O=C1NC(NC2CC2)=N/C1=C\c1ccc2ncsc2c1,1.0
Cc1csc(CNC2=N/C(=C\c3ccc4ncsc4c3)C(=O)N2)n1,1.0
CCOC(=O)c1[nH]nc(-c2ccc(Cl)cc2)c1/N=N/c1ccccc1,0.0
CCOC(=O)c1[nH]nc(-c2ccc(F)cc2)c1/N=N/c1ccccc1,0.0
O=C(Nc1ccc(NC(=O)c2ccccc2)cc1)Nc1nc2ccc(O)cc2s1,1.0
COc1ccc2c3c([nH]c2c1)C(C)=NCC3,0.0
COC[C@@H](CC(C)C)NC1=N/C(=C\c2ccc3scnc3c2)C(=O)N1,1.0
COC[C@@H](CC(C)C)NC1=N/C(=C\c2ccc3scnc3c2)C(=O)N1C,0.0
Cc1cccnc1NC(=O)Nc1cccc2c1[C@@H]1C[C@H](O)CCN1C2=O,0.0
Cc1cccc(NC(=O)Nc2cccc3c2[C@@H]2C[C@H](O)CCN2C3=O)n1,0.0
CO[C@@H]1CCN2C(=O)c3cccc(NC(=O)Nc4cccc(C)n4)c3[C@@H]2C1,0.0
CO[C@@H]1CCN2C(=O)c3cccc(NC(=O)Nc4cc(C)ccn4)c3[C@@H]2C1,0.0
CO[C@@H]1CCN2C(=O)c3cccc(NC(=O)Nc4ncccc4C)c3[C@@H]2C1,0.0
CO[C@@H]1CCN2C(=O)c3cccc(NC(=O)Nc4ccccn4)c3[C@@H]2C1,0.0
O=C(Nc1ccccn1)Nc1cccc2c1[C@@H]1C[C@H](O)CCN1C2=O,0.0
Cc1ccsc1CN(C)c1ncnc2ccc(-c3ccoc3)cc12,0.0
c1csc(CNc2ncnc3ccc(-c4ccoc4)cc23)c1,0.0
O=C(O)Cc1c2ccccc2n2c1[nH]c(=O)c1ccccc12,0.0
N#C/C(=C\c1cccnc1)c1c[nH]c2ccc(F)cc12,0.0
N#C/C(=C\c1cccnc1)c1c[nH]c2ccc(Cl)cc12,0.0
N#C/C(=C\c1cccnc1)c1c[nH]c2ccccc12,0.0
COc1cncc(/C=C(\C#N)c2c[nH]c3ccc(OC)cc23)c1,0.0
COc1ccc2[nH]cc(/C(C#N)=C(\N)c3cccnc3)c2c1,0.0
N#C/C(=C/c1cccnc1)c1c[nH]c2ccccc12,0.0
O=C1OCC/C1=C\c1ccc2c(c1)OCO2,1.0
Cc1ccc(-n2cc(COc3cccc4cnc(Nc5cccc(Cl)c5)nc34)nn2)c([N+](=O)[O-])c1,0.0
c1cnn2ncc(-c3ccnc(N4CCC5CNCC54)n3)c2c1,0.0
CCOC[C@@H](CC(C)C)NC1=N/C(=C\c2ccc3ncsc3c2)C(=O)N1,1.0
COC[C@@H](CC(C)C)NC1=N/C(=C\c2ccc3ncsc3c2)C(=O)N1C,1.0
COC[C@@H](CC(C)C)NC1=N/C(=C\c2ccc3ncsc3c2)C(=O)N1,1.0
COC(=O)[C@@H](NC1=N/C(=C\c2ccc3ncsc3c2)C(=O)N1)C(C)O,1.0
CC(C)C[C@H](CF)NC1=N/C(=C\c2ccc3ncsc3c2)C(=O)N1,1.0
CC(C)C[C@H](CO)NC1=N/C(=C\c2ccc3ncsc3c2)C(=O)N1,1.0
CC(C)C[C@@H](CF)NC1=N/C(=C\c2ccc3ncsc3c2)C(=O)N1,1.0
COC(=O)[C@H](C)NC1=N/C(=C\c2ccc3ncsc3c2)C(=O)N1,1.0
COC(=O)[C@@H](NC1=N/C(=C\c2ccc3ncsc3c2)C(=O)N1)C(C)C,1.0
CC(C)C[C@@H](CO)NC1=N/C(=C\c2ccc3ncsc3c2)C(=O)N1,1.0
COC(=O)[C@H](CC(C)C)NC1=N/C(=C\c2ccc3ncsc3c2)C(=O)N1,1.0
COC[C@@H](CC(C)C)NC1=N/C(=C\c2ccc3nc(C)sc3c2)C(=O)N1,1.0
COC(=O)[C@@H](CC(C)C)NC1=N/C(=C\c2ccc3ncsc3c2)C(=O)N1,1.0
COC[C@H](CC(C)C)NC1=N/C(=C\c2ccc3ncsc3c2)C(=O)N1,1.0
CC[C@H](CO)NC1=N/C(=C\c2ccc3ncsc3c2)C(=O)N1,1.0
CC(C)C[C@H](COC(C)(C)C)NC1=N/C(=C\c2ccc3ncsc3c2)C(=O)N1,1.0
CC[C@@H](CO)NC1=N/C(=C\c2ccc3ncsc3c2)C(=O)N1,1.0
CCN1C(=O)/C(=C/c2ccc3ncsc3c2)N=C1N[C@@H](COC)CC(C)C,1.0
COC[C@@H](CC(C)C)NC1=N/C(=C\c2ccc3nc(C)sc3c2)C(=O)N1C,1.0
NCCOCCOCCO,0.0
COC(=O)C1=C(Nc2ccccc2Cl)O/C(=C\c2c[nH]c3ncccc23)C1=O,1.0
CNC(=O)c1cnc2[nH]cc(-c3ccc4ncc(NCc5cccc(Cl)c5)c(N5CCC[C@H](N)C5)c4c3)c2c1,1.0
O=C(Nc1cnccn1)Nc1cccc2c1C1CC3(CCN1C2=O)OCCO3,0.0
COC[C@@H](CC(C)C)NC1=N/C(=C\c2ccc3c(c2)OCO3)C(=O)N1,1.0
CCSC1=N/C(=C\c2ccc3c(c2)OCO3)C(=O)N1,1.0
NC1=N/C(=C\c2ccc3c(c2)OCO3)C(=O)N1,1.0
CCCSC1=N/C(=C\c2ccc3c(c2)OCO3)C(=O)N1,1.0
COC[C@@H](CC(C)C)NC1=N/C(=C\c2ccc3c(c2)OCO3)C(=O)N1C,1.0
CSC1=N/C(=C\c2ccc3c(c2)OCO3)C(=O)N1,1.0
CCCNC1=N/C(=C\c2ccc3c(c2)OCO3)C(=O)N1,1.0
CCNC1=N/C(=C\c2ccc3c(c2)OCO3)C(=O)N1,1.0
CNC1=N/C(=C\c2ccc3c(c2)OCO3)C(=O)N1,1.0
CN1C(=O)/C(=C/c2ccc3c(c2)OCO3)N=C1N,1.0
CCSC1=N/C(=C\c2ccc3c(c2)OCO3)C(=O)N1C,1.0
CCCSC1=N/C(=C\c2ccc3c(c2)OCO3)C(=O)N1C,1.0
CCCNC1=N/C(=C\c2ccc3c(c2)OCO3)C(=O)N1C,1.0
CCCNC1=N/C(=C\c2ccc3c(c2)OCO3)C(=O)N1CCC,0.0
O=C(Nc1cc(-c2cn(-c3ccccc3)c3cnccc23)ccn1)NC1CC1,1.0
O=C(Nc1cc(C(F)(F)F)cc(C(F)(F)F)c1)Nc1cnc2[nH]cc(-c3cncc(F)c3)c2c1,0.0
CC1(Cn2cc(-c3ccncc3)c3ccncc32)COC1,1.0
O=C(Nc1ccc(-c2ccccc2)cn1)Nc1cccc2c1C1CCCCN1C2=O,0.0
Fc1ccc(CNc2ccnc(-c3ccc4c(c3)OCO4)n2)cc1Br,0.0
Fc1cc(F)cc(CNc2ccnc(-c3ccc4c(c3)OCO4)n2)c1,0.0
Fc1ccc(CNc2ccnc(-c3ccc4c(c3)OCO4)n2)cc1Cl,0.0
Fc1cc(CNc2ccnc(-c3ccc4c(c3)OCO4)n2)ccc1Cl,0.0
Fc1cc(CNc2ccnc(-c3ccc4c(c3)OCO4)n2)cc(F)c1F,0.0
Fc1ccc(CNc2ccnc(-c3ccc4c(c3)OCO4)n2)cc1F,0.0
c1ccc(CNc2ccnc(-c3ccc4c(c3)OCO4)n2)cc1,0.0
COc1ccc(CNc2ccnc(-c3ccc4c(c3)OCO4)n2)cc1,0.0
FC(F)(F)c1cccc(Nc2nccc(-c3ccc4c(c3)OCO4)n2)c1,1.0
FC(F)(F)c1cc(Br)cc(Nc2nccc(-c3ccc4c(c3)OCO4)n2)c1,1.0
Clc1ccc(Nc2nccc(-c3ccc4c(c3)OCO4)n2)cc1,1.0
COc1cc2ncnc(Nc3n[nH]cc3C#N)c2cc1OC,0.0
COc1cc2ncnc(Nc3cc(O)[nH]n3)c2cc1OC,0.0
CN1CCc2cc3c(c4c2C1Cc1ccccc1-4)OCO3,0.0
O=C(Nc1cc(-c2cn(-c3ccccc3)c3cnccc23)ccn1)C1CC1,1.0
O=c1[nH]cnc2c(-c3ccccc3)n[nH]c12,0.0
O=c1[nH]cnc2c(-c3ccc(Br)cc3)n[nH]c12,0.0
Oc1ccc(-c2ccc3[nH]cc(-c4ccc(O)cc4)c3c2)cc1,1.0
CN1CCC(NC2=N/C(=C\c3ccc4ncsc4c3)C(=O)N2)CC1,1.0
CNC(=O)c1cnc2[nH]cc(-c3cc(F)c4nccc(CCc5ccccc5)c4c3)c2c1,1.0
CN(C)c1cccc(-c2cnn3ncccc23)n1,1.0
O=C1NC(NC2CCCCC2)=N/C1=C\c1ccc2scnc2c1,0.0
CN1CCN(c2ccc(C(=O)Nc3cnc4[nH]cc(-c5cncc(F)c5)c4c3)cc2)CC1,0.0
COc1cc(/C=C2\C(=O)NN(c3ccc(C#N)cc3)C2=O)ccc1O,1.0
O=C1NN(c2ccc(Cl)c(Cl)c2)C(=O)/C1=C/c1ccc(O)c([N+](=O)[O-])c1,1.0
COc1ccc(N2NC(=O)/C(=C\c3ccc(O)c(OC)c3)C2=O)cc1,0.0
O=C1NN(c2ccc(Cl)c(Cl)c2)C(=O)/C1=C/c1ccc(O)cc1,0.0
COc1cc(/C=C2\C(=O)NN(c3ccc(F)cc3)C2=O)ccc1O,0.0
COc1cc(/C=C2\C(=O)NN(c3ccc(Cl)c(Cl)c3)C2=O)ccc1O,0.0
O=C1NN(c2ccc(Cl)c(Cl)c2)C(=O)/C1=C/c1ccc(F)c(F)c1,0.0
O=C1NN(c2ccc(Cl)c(Cl)c2)C(=O)/C1=C/c1cccc(Cl)c1Cl,0.0
COc1cc(/C=C2\C(=O)NN(c3ccc(Cl)c(Cl)c3)C2=O)cc(OC)c1,0.0
O=C1NN(c2ccc(Cl)c(Cl)c2)C(=O)/C1=C/c1ccc(Cl)cc1,0.0
O=C1NN(c2ccc(Cl)c(Cl)c2)C(=O)/C1=C/c1ccccc1Cl,0.0
COc1ccc(/C=C2\C(=O)NN(c3ccc(F)cc3)C2=O)cc1O,0.0
COc1ccccc1/C=C1\C(=O)NN(c2ccc(C#N)cc2)C1=O,0.0
COc1ccc(/C=C2\C(=O)NN(c3ccc(C#N)cc3)C2=O)cc1O,0.0
COc1ccc(N2NC(=O)/C(=C\c3ccc(OC)c(O)c3)C2=O)cc1,0.0
COc1cc(/C=C2\C(=O)NN(c3ccc(Cl)c(Cl)c3)C2=O)cc(OC)c1O,0.0
COc1ccccc1/C=C1\C(=O)NN(c2ccc(F)cc2)C1=O,0.0
O=C1NN(c2ccc(Cl)c(Cl)c2)C(=O)/C1=C/c1c(Cl)cccc1Cl,0.0
O=C1NN(c2ccc(Cl)c(Cl)c2)C(=O)/C1=C/c1cc(O)cc(O)c1,0.0
COc1ccc(N2NC(=O)/C(=C\c3ccccc3OC)C2=O)cc1,0.0
COc1ccc(/C=C2\C(=O)NN(c3ccc(Cl)c(Cl)c3)C2=O)c(OC)c1,0.0
COc1ccc(/C=C2\C(=O)NN(c3ccc(Cl)c(Cl)c3)C2=O)cc1O,0.0
O=C1NN(c2ccc(Cl)c(Cl)c2)C(=O)/C1=C/c1ccccc1F,0.0
COc1ccccc1/C=C1\C(=O)NN(c2ccc(Cl)c(Cl)c2)C1=O,0.0
O=C1NN(c2ccc(Cl)c(Cl)c2)C(=O)/C1=C/c1ccccc1[N+](=O)[O-],0.0
COc1cccc(/C=C2\C(=O)NN(c3ccc(Cl)c(Cl)c3)C2=O)c1,0.0
COc1ccc(/C=C2\C(=O)NN(c3ccc(Cl)c(Cl)c3)C2=O)cc1,0.0
COc1ccc(/C=C2\C(=O)NN(c3ccc(Cl)c(Cl)c3)C2=O)cc1OC,0.0
COc1ccc(N2NC(=O)/C(=C\c3cccc(OC)c3)C2=O)cc1,0.0
COc1ccc(N2NC(=O)/C(=C\c3cc(OC)c(O)c(OC)c3)C2=O)cc1,0.0
O=C1NN(c2ccc(Cl)c(Cl)c2)C(=O)/C1=C/c1ccccc1,0.0
COc1ccc(N2NC(=O)/C(=C\c3cccc(Cl)c3Cl)C2=O)cc1,0.0
COc1ccc(N2NC(=O)/C(=C\c3ccccc3F)C2=O)cc1,0.0
COc1ccc(N2NC(=O)/C(=C\c3cc(OC)cc(OC)c3)C2=O)cc1,0.0
COc1ccc(N2NC(=O)/C(=C\c3cc(O)cc(O)c3)C2=O)cc1,0.0
c1cc(-c2cn(CC3CC3)c3cnccc23)ccn1,1.0
O=C1NC(NC2CCCCC2)=N/C1=C\c1ccc2nnsc2c1,0.0
c1cnn2ncc(-c3ccnc(N4CC5CCCC5C4)n3)c2c1,0.0
N#Cc1cc2c(N)n(-c3ccccc3)nc2nc1N,0.0
CC(=O)Nc1nc2nn(-c3ccccc3)c(NC(C)=O)c2cc1C#N,0.0
O=C(Nc1cc(C(F)(F)F)ccc1N1CCN(Cc2ccccn2)CC1)c1ccc(-c2ccncc2)o1,0.0
COC[C@@H](CC(C)C)NC1=N/C(=C\c2ccc3ncsc3c2)C(=O)N1C1CCCCC1,0.0
CC(=O)c1c(C)c2cnc(Nc3ccc(N4CCNCC4)cn3)nc2n(C2CCCC2)c1=O,0.0
COc1nc(C)nc2[nH]cc(-c3ccnc(N)c3)c12,1.0
COc1nc(C)nc2[nH]cc(-c3ccnc(C)c3)c12,1.0
COc1nc(C)nc2[nH]cc(-c3ccncc3)c12,1.0
COc1nc(C)nc2[nH]cc(-c3ccnc(F)c3)c12,1.0
CC1(C)C(=O)N([C@H]2CCc3c(O)cccc32)c2nc(Nc3ccccc3)ncc21,0.0
O=C1NC(NC(CO)C2CCCCC2)=N/C1=C\c1ccc2ncsc2c1,1.0
COCC(NC1=N/C(=C\c2ccc3ncsc3c2)C(=O)N1)C1CCCCC1,1.0
C[C@@H](NC1=N/C(=C\c2ccc3ncsc3c2)C(=O)N1)C1CCCCC1,1.0
c1cncc(-c2c[nH]c3ncc(NCc4ccc(N5CCOCC5)cc4)cc23)c1,0.0
COc1cncc(-c2c[nH]c3ncc(NCc4ccc(N5CCOCC5)cc4)cc23)c1,0.0
c1cncc(CNc2nccc(-c3ccc4c(c3)OCO4)n2)c1,1.0
C[C@@H](c1ccc(F)cc1)n1nnc2cnc3ccc(-c4ccc5ocnc5c4)cc3c21,1.0
O=C1OCC/C1=C\c1ccc2ncsc2c1,1.0
CC1C/C(=C\c2ccc3ncsc3c2)C(=O)O1,0.0
Cn1cc2cc(/C=C3\N=C(NC45CC6CC(CC(C6)C4)C5)NC3=O)ccc2n1,1.0
c1c[nH]c(CNc2ncnc3ccc(-c4ccc5c(c4)OCO5)cc23)n1,1.0
CN(Cc1ncc[nH]1)c1ncnc2ccc(-c3ccc4c(c3)OCO4)cc12,1.0
Oc1ccc(-c2c[nH]c3ncc(-c4ccc(-c5nnn[nH]5)cc4)cc23)cc1,1.0
O=C1NC(NC2CCCCCCC2)=N/C1=C\c1ccc2ncsc2c1,1.0
O=C(Nc1cncc(-c2cc(-c3cn[nH]c3)cs2)c1)C1CC1,1.0
CCn1cc(-c2csc(-c3cncc(NC(=O)C4CC4)c3)c2)cn1,1.0
Cn1cc(-c2csc(-c3cncc(NC(=O)C4CC4)c3)c2)cn1,1.0
CCCn1cc(-c2csc(-c3cncc(NC(=O)C4CC4)c3)c2)cn1,1.0
COC[C@@H](CC(C)C)NC1=N/C(=C\c2cnc3ncsc3c2)C(=O)N1,0.0
NCCn1cc(-c2cc(-c3cc4ccccc4s3)c3[nH]ncc3c2)c2nc(N)ncc21,1.0
COc1ccc2oc(=O)cc(CCl)c2c1,0.0
CO[C@H]1[C@H](O)[C@@H](O)[C@H](n2c3c(Cl)cccc3c3c4c(c5c6cccc(Cl)c6[nH]c5c32)C(=O)NC4=O)O[C@@H]1CO,1.0
Nc1cc(-c2ccc3occc3c2)nc(N)n1,1.0
O=C(NCCN1CCOCC1)Nc1cccc(-c2ccc3nc(NC(=O)C4CC4)sc3n2)c1,0.0
COc1ccc2c(c1)[nH]c1c(N3CCCC3Cc3ccccc3)nccc12,1.0
CC(=O)Nc1cccc(Nc2ccc3ncc(-c4cccc(NC(C)=O)c4)n3n2)c1,1.0
CC(=O)Nc1cccc(Nc2ccc3ncc(-c4cccc(Cl)c4)n3n2)c1,1.0
FC(F)(F)c1cccc(/C=C/c2cnc3ccc(Cl)nn23)c1,0.0
COc1ccc2ncc(/C=C/c3cccc(C(F)(F)F)c3)n2n1,0.0
CC[C@@H](CO)Nc1ccc2ncc(/C=C/c3cccc(C(F)(F)F)c3)n2n1,0.0
O=C(O[C@@H]1Cc2c(O)cc(O)cc2O[C@H]1c1cc(O)c(O)c(O)c1)c1c(F)c(O)c(O)c(O)c1F,1.0
O=C(O[C@@H]1Cc2c(O)cc(O)cc2O[C@H]1c1cc(O)c(O)c(O)c1)c1cc(O)c(O)c(O)c1F,1.0
O=C(O[C@@H]1Cc2c(O)cc(O)cc2O[C@H]1c1cc(O)c(O)c(O)c1F)c1cc(O)c(O)c(O)c1F,1.0
O=C(O[C@@H]1Cc2c(O)cc(O)cc2O[C@H]1c1cc(O)c(O)c(O)c1F)c1cc(O)c(O)c(O)c1,1.0
O=C(O[C@@H]1Cc2c(O)cc(O)cc2O[C@H]1c1ccc(O)c(O)c1)c1cc(O)c(O)c(O)c1F,1.0
O=C(O[C@@H]1Cc2c(O)cc(O)cc2O[C@H]1c1cc(O)c(O)c(O)c1)c1cc(O)c(O)cc1F,1.0
O=C(O[C@@H]1Cc2c(O)cc(O)cc2O[C@H]1c1cc(O)c(O)c(O)c1)c1ccc(O)c(O)c1O,1.0
O=C(O[C@@H]1Cc2c(O)cc(O)cc2O[C@H]1c1cc(O)c(O)cc1F)c1cc(O)c(O)c(O)c1F,1.0
O=C(O[C@@H]1Cc2c(O)cc(O)cc2O[C@H]1c1cc(O)c(O)c(O)c1)c1cc(O)c(O)c(O)c1,1.0
O=C(O[C@@H]1Cc2c(O)cc(O)cc2O[C@H]1c1cc(O)c(O)c(O)c1)c1cc(O)c(O)c(F)c1,1.0
O=C(O[C@@H]1Cc2c(O)cc(O)cc2O[C@H]1c1cc(O)c(O)cc1F)c1cc(O)c(O)c(O)c1,1.0
O=C(O[C@@H]1Cc2c(O)cc(O)cc2O[C@H]1c1cc(O)c(O)c(O)c1)c1cc(O)c(O)cc1O,1.0
O=C(O[C@@H]1Cc2c(O)cccc2O[C@H]1c1cc(O)c(O)c(O)c1)c1cc(O)c(O)c(O)c1,1.0
O=C(O[C@@H]1Cc2c(O)cc(O)cc2O[C@H]1c1ccc(O)c(O)c1)c1cc(O)c(O)c(O)c1,1.0
O=C(O[C@@H]1Cc2c(O)cc(O)cc2O[C@H]1c1cc(O)c(O)c(O)c1)c1ccc(O)c(O)c1,1.0
Cc1c([C@@H]2Oc3cc(O)cc(O)c3C[C@H]2OC(=O)c2cc(O)c(O)c(O)c2)cc(O)c(O)c1O,1.0
O=C(O[C@@H]1Cc2ccccc2O[C@H]1c1cc(O)c(O)c(O)c1)c1cc(O)c(O)c(O)c1,1.0
O=C(O[C@@H]1Cc2c(O)cc(O)cc2O[C@H]1c1cc(O)c(O)c(O)c1)c1cc(O)c(O)cc1C(F)(F)F,1.0
Cc1c(C(=O)O[C@@H]2Cc3c(O)cc(O)cc3O[C@H]2c2cc(O)c(O)c(O)c2)ccc(O)c1O,1.0
COc1c(O)cc([C@@H]2Oc3cc(O)cc(O)c3C[C@H]2OC(=O)c2cc(O)c(O)c(O)c2)cc1O,0.0
COc1c(O)cc(C(=O)O[C@@H]2Cc3c(O)cc(O)cc3O[C@H]2c2cc(O)c(O)c(O)c2)cc1O,0.0
O=S(=O)(Nc1cnc2[nH]cc(-c3cncc(F)c3)c2c1)c1ccc(F)cc1,0.0
N#Cc1c(N)cc2[nH]nc(N)c2c1-c1ccccc1,1.0
COC[C@@H](CC(C)C)NC1=N/C(=C\c2ccc3[nH]cnc3c2)C(=O)N1,1.0
COC[C@@H](CC(C)C)NC1=N/C(=C\c2ccc3[nH]cnc3c2)C(=O)N1C,1.0
COC[C@@H](CC(C)C)NC1=N/C(=C\c2ccc3c(c2)ncn3C)C(=O)N1C,0.0
COC[C@@H](CC(C)C)NC1=N/C(=C\c2ccc3c(c2)ncn3C)C(=O)N1,0.0
COC[C@@H](CC(C)C)NC1=N/C(=C/c2ccc3ncsc3c2)C(=O)N1,1.0
O=C1NC(NCc2ccccn2)=N/C1=C\c1ccc2ncsc2c1,1.0
CN1Cc2nn(C)c(C#N)c2-c2cnc3[nH]nc(c3c2)-c2cn(nc2C(F)(F)F)CCCC1=O,1.0
c1cncc(CNc2ccnc(-c3ccc4cn[nH]c4c3)n2)c1,0.0
COc1cc(/C=C2\N=C(Nc3ccc(N4CCCCC4)cc3)NC2=O)ccc1O,1.0
Clc1ccc(CNc2ccnc(-c3cccnc3)n2)cc1,0.0
COc1ccc(CNc2ccnc(-c3cccnc3)n2)cc1,0.0
Clc1ccc(CNc2ccnc(-c3cccnc3)n2)cc1Cl,0.0
COc1ccc(-c2cc3c(-c4ccccc4)c[nH]c3cn2)cc1,0.0
Oc1ccc(-c2cc3c(-c4ccccc4)c[nH]c3cn2)cc1,0.0
c1coc(CNc2ncnc3ccc(-c4ccc5c(c4)OCO5)cc23)c1,1.0
Cc1ccc(CNc2ncnc3ccc(-c4ccc5c(c4)OCO5)cc23)o1,1.0
CN(Cc1ccco1)c1ncnc2ccc(-c3ccc4c(c3)OCO4)cc12,1.0
COc1ccc2c(c1)[nH]c1c(N3CCCC3c3ccccc3)nccc12,1.0
O=C1NC(NC2CCCSC2)=N/C1=C\c1ccc2ncsc2c1,1.0
CN(C)c1cc(-c2cnn3ncccc23)ccn1,1.0
CCCNC(=O)c1ccc(Nc2nc(NCC(F)(F)F)c3cc[nH]c3n2)cc1,0.0
C[C@@H](c1ccc(F)cc1)n1nnc2cnc3ccc(-c4ccc5occc5c4)cc3c21,0.0
c1ccc(Cc2ccc(-c3coc4ccc(-c5cn[nH]c5)nc34)cc2)cc1,0.0
O=C(O[C@H]1Cc2c(O)cc(O)cc2O[C@@H]1c1cc(O)c(O)c(O)c1)c1cc(O)c(O)c(O)c1,1.0
O=C(Nc1cc(C(F)(F)F)ccc1N1CCCCC1)c1ccncc1,0.0
Cc1ccc(CNC2=N/C(=C\c3ccc4ncsc4c3)C(=O)N2)o1,1.0
O=c1ccc2cnc3ccc(-c4cn[nH]c4)cc3c2n1-c1ccc(F)cc1C(F)(F)F,1.0
Fc1cc(F)cc(CNc2cnc3[nH]cc(-c4cc5ccccc5s4)c3c2)c1,0.0
Cc1nc(OCc2cc(C)on2)c2c(-c3ccnc(N)c3)c[nH]c2n1,1.0
Oc1ccc(-c2cnc3[nH]cc(-c4ccc5[nH]ccc5c4)c3c2)cc1,1.0
O=C1NC(NCCc2ccccn2)=N/C1=C\c1ccc2ncsc2c1,1.0
O=C1Cc2c([nH]c3c(/C=C/C(=O)c4ccccc4)cccc23)-c2cccnc2N1,0.0
Nc1cc(-c2ccc3c(c2)CCO3)cc(N)n1,1.0
COC[C@@H](CC(C)C)NC1=N/C(=C\c2ccc3[nH]ccc3c2)C(=O)N1C,0.0
COC[C@@H](CC(C)C)NC1=N/C(=C\c2ccc3[nH]ccc3c2)C(=O)N1,0.0
COC[C@@H](CC(C)C)NC1=N/C(=C\c2ccc3c(ccn3C)c2)C(=O)N1,0.0
COC[C@@H](CC(C)C)NC1=N/C(=C\c2ccc3c(ccn3C)c2)C(=O)N1C,0.0
O=C(Nc1cnccn1)Nc1cccc2c1[C@@H]1C[C@H](O)CCN1C2=O,0.0
CO[C@@H]1CCN2C(=O)c3cccc(NC(=O)Nc4cnc(C)cn4)c3[C@@H]2C1,0.0
CO[C@@H]1CCN2C(=O)c3cccc(NC(=O)Nc4cnccn4)c3[C@@H]2C1,0.0
CC(C)[C@@H](CO)Nc1nc(Nc2cccnc2)c2ncn(C(C)C)c2n1,1.0
CC(C)[C@H](CO)Nc1nc(Nc2cccnc2)c2ncn(C(C)C)c2n1,1.0
CC[C@H](CO)Nc1nc(Nc2cccnc2)c2ncn(C(C)C)c2n1,1.0
CC[C@@H](CO)Nc1nc(Nc2cccnc2)c2ncn(C(C)C)c2n1,0.0
CC(C)n1c(C(CO)CO)nc2c(Nc3cccnc3)ncnc21,0.0
CC(C)n1cnc2c(Nc3cccnc3)nc(Cl)nc21,0.0
Cc1nc(OCc2ccsc2)c2c(-c3ccnc(N)c3)c[nH]c2n1,1.0
N=C(NCCN1CCOCC1)c1nc2ccc3ncnc(Nc4ccc5c(c4)OCO5)c3c2s1,0.0
N#C/C(=C\c1ccccc1)c1c[nH]c2ccccc12,0.0
COc1cc(/C=C2\N=C(Nc3ccccc3)NC2=O)ccc1O,1.0
O=C1NC(Nc2ccccc2)=N/C1=C\c1ccc(O)c(O)c1,1.0
COc1ccc(/C=C2\N=C(Nc3ccccc3)NC2=O)cc1,1.0
COc1ccc(/C=C2\N=C(Nc3ccccc3)NC2=O)cc1O,0.0
NCCOCCOCCOc1ccc(NC2=N/C(=C\c3ccccc3)C(=O)N2)cc1,0.0
O=C1NC(Nc2ccccc2)=N/C1=C\c1ccc(F)cc1,0.0
O=C1NC(Nc2ccccc2)=N/C1=C\c1cccc(F)c1,0.0
COc1cccc(/C=C2\N=C(Nc3ccccc3)NC2=O)c1,0.0
CCCCCCc1ccc(NC2=N/C(=C\c3ccc(O)c(OC)c3)C(=O)N2)cc1,0.0
O=C1NC(Nc2ccccc2)=N/C1=C\c1ccccc1,0.0
COc1ccc(-c2ccnc(N)c2)cc1,1.0
COc1cc(-c2ccnc(N)c2)ccc1Cl,1.0
COc1ccc(-c2ccnc(C)c2)cc1,1.0
COc1nc(NN)c(C#N)c(-c2ccccc2)c1C#N,0.0
COc1nc(NNC(C)=O)c(C#N)c(-c2ccccc2)c1C#N,0.0
Cc1cc(-c2ccc(Cl)cc2)ccn1,0.0
N#Cc1c(C2CCCC2)[nH]c2c(I)cccc12,1.0
COc1cc2[nH]c(=O)c(C(=O)Nc3cc(C(=O)NCc4cccc(Cl)c4)ccc3C)cc2cc1CCCN1CCOCC1,1.0
N#Cc1cc2cccnc2c2[nH]c3ccccc3c12,0.0
N[C@@H]1CCCN(c2ccnc3c(F)cc(-c4c[nH]c5ncc(CNCc6ccccc6)cc45)cc23)C1,1.0
CN(C)c1nccc(-c2ccc(=O)n(C)c2)n1,0.0
CC[C@H](CO)Nc1nc(NCc2ccccc2)c2ncn(C(C)C)c2n1,0.0
CC[C@@H](CO)Nc1nc(Nc2cncnc2)c2ncn(C(C)C)c2n1,1.0
CC[C@H](CO)Nc1nc(Nc2cncnc2)c2ncn(C(C)C)c2n1,1.0
CC(C)[C@H](CO)Nc1nc(Nc2cncnc2)c2ncn(C(C)C)c2n1,1.0
CC(C)[C@@H](CO)Nc1nc(Nc2cncnc2)c2ncn(C(C)C)c2n1,1.0
CC(C)n1c(C(CO)CO)nc2c(Nc3cncnc3)ncnc21,0.0
CC(C)n1cnc2c(Nc3cncnc3)nc(C(C)(C)CO)nc21,0.0
CC(C)n1cnc2c(Nc3cncnc3)nc(Cl)nc21,0.0
Cn1nc(N)c2c(-c3ccccc3)c(C#N)c(N)nc21,0.0
CC(=O)n1nc(N)c2c(-c3ccccc3)c(C#N)c(N)nc21,0.0
CC(=O)Nc1nn(C)c2nc(N)c(C#N)c(-c3ccccc3)c12,0.0
N#Cc1c(Cl)nc2[nH]nc(N)c2c1-c1ccccc1,0.0
N#Cc1c(N)nc2[nH]nc(N)c2c1-c1ccccc1,0.0
Nc1cc(-c2ccc3ncsc3c2)cc(N)n1,1.0
CO[C@@H]1[C@H](N(C)C(=O)c2ccccc2)C[C@H]2O[C@]1(C)n1c3ccccc3c3c4c(c5c6ccccc6n2c5c31)C(=O)NC4,1.0
O=C1NC(NC2CC3CCC2C3)=N/C1=C\c1ccc2ncsc2c1,1.0
F[C@@H]1CCN(c2nccc(-c3cnn4ncccc34)n2)C1,1.0
N[C@@H]1CCN(c2nccc(-c3cnn4ncccc34)n2)C1,1.0
CC1CCCN1c1nccc(-c2cnn3ncccc23)n1,1.0
C[C@H]1CCN(c2nccc(-c3cnn4ncccc34)n2)C1,1.0
N[C@H]1CCN(c2nccc(-c3cnn4ncccc34)n2)C1,1.0
C[C@@H]1CCN(c2nccc(-c3cnn4ncccc34)n2)C1,1.0
F[C@H]1CCN(c2nccc(-c3cnn4ncccc34)n2)C1,1.0
CC1(C)CCCN1c1nccc(-c2cnn3ncccc23)n1,1.0
CC1CCN(c2nccc(-c3cnn4ncccc34)n2)C1,1.0
CN(C)C1CCN(c2nccc(-c3cnn4ncccc34)n2)C1,1.0
CC1(C)CCN(c2nccc(-c3cnn4ncccc34)n2)C1,1.0
c1cnn2ncc(-c3ccnc(N4CCCC4)n3)c2c1,0.0
Nc1ncc2ccc3ccncc3c2n1,0.0
COc1ccc2[nH]c3c(=O)[nH]nc(C)c3c2c1,0.0
Cn1cc(-c2ccc3occ(-c4cccc(-c5ccncc5)c4)c3n2)cn1,1.0
Brc1cnc2[nH]nc(-c3cncnc3)c2c1,1.0
O=C(O)C1CN(Cc2ccc(OCc3ccc(Cl)c(Cl)c3)cc2)C1,0.0
c1cc(CNc2ccnc(-c3ccc4c(c3)OCO4)n2)ccn1,0.0
COC[C@@H](CC(C)C)NC1=N/C(=C\c2ccc3ncsc3c2)C(=O)N1C1CCC1,0.0
O=C1NC(Nc2cccnc2)=N/C1=C\c1ccc2ncsc2c1,1.0
COc1nc(C)ccc1NC1=N/C(=C\c2ccc3ncsc3c2)C(=O)N1,1.0
Cc1nc2ccc(-c3cc(N)nc(N)c3)nc2n1CCC1CCCCC1,1.0
CC(C)n1cnc2c(Nc3cnccn3)nc(Cc3cnccn3)nc21,1.0
COC[C@@H](CC(C)C)NC1=N/C(=C/c2ccc3ncoc3c2)C(=O)N1C,1.0
Cn1cc(Cc2ccc3c(c2)OCO3)nc1N,0.0
O=c1c2c(ccc3nc(-c4cccnc4)sc32)ncn1C1CC1,1.0
Nc1ccc(N)c2c1C(=O)c1ccccc1C2=O,0.0
Cc1nc2ccc(-c3cc(N)nc(N)c3)nc2n1C(C)C,1.0
CCCCn1c(C)nc2ccc(-c3cc(N)nc(N)c3)nc21,1.0
Cc1nc2ccc(-c3cc(N)nc(N)c3)nc2n1CC(F)(F)F,1.0
Cc1nc2ccc(-c3cc(N)nc(N)c3)nc2n1CC(F)F,1.0
Cc1nc2ccc(-c3cc(N)nc(N)c3)nc2n1CCCC(F)(F)F,1.0
COCCCn1c(C)nc2ccc(-c3cc(N)nc(N)c3)nc21,1.0
Cc1nc2ccc(-c3cc(N)nc(N)c3)nc2n1C(C)(C)C,1.0
CCCCc1nc2ccc(-c3cc(N)nc(N)c3)nc2n1CCCC,1.0
CCCCn1c(CC)nc2ccc(-c3cc(N)nc(N)c3)nc21,1.0
Cn1cnc2ccc(-c3cc(N)nc(N)c3)nc21,1.0
Cc1nc2ccc(-c3cc(N)nc(N)c3)nc2n1C,1.0
CC(C)n1cnc2c(NCc3ccc(-c4ccccn4)cc3)nc(N3C[C@H](O)C[C@H]3CO)nc21,0.0
Cn1cc(-c2csc(-c3cccnc3)c2)cn1,1.0
O=C1NC(NC2CCCCC2)=N/C1=C\c1ccc2c(c1)CCO2,1.0
COc1cc(-c2cc(=O)c3c(O)cc(O)c(C/C=C(\C)CCC=C(C)C)c3o2)ccc1O,1.0
CC1(C)Cc2cc(OC3CCNCC3)ccc2-c2ncnc(N)c21,1.0
O=C1NC(=S)N/C1=C\c1ccc2ncsc2c1,1.0
O=C1NC(NC23CC4CC(CC(C4)C2)C3)=N/C1=C\c1ccc2c(c1)OCO2,1.0
O=C1NC(NC2CCCCCC2)=N/C1=C\c1ccc2[nH]cnc2c1,1.0
Cn1cnc2cc(/C=C3\N=C(NC4CCCCCC4)NC3=O)ccc21,0.0
O=C1NC(NC2COCCOC2)=N/C1=C\c1ccc2ncsc2c1,1.0
O=C1CCCc2[nH]c3c(Cl)cccc3c21,1.0
CN1C(=O)/C(=C\c2ccc3c(c2)OCO3)N=C1N,0.0
Clc1cccc(-c2cnc3ccc(N4CCC(N5CCCCC5)CC4)nn23)c1,0.0
c1nc(NCC2CCOC2)c2cc(-c3ccc4c(c3)OCO4)ccc2n1,1.0
COc1ccc2[nH]c(-c3cccc(O)c3)c(-c3cccnc3)c2n1,0.0
Cc1noc(C)c1Cn1cc(-c2ccnc(N)n2)c2cc(Br)ccc21,0.0
COc1cc(Cl)ccc1C(=O)Nc1cnc2[nH]cc(-c3cccnc3)c2c1,0.0
COc1cncc(-c2c[nH]c3ncc(NC(=O)c4ccc(F)cc4)cc23)c1,0.0
O=C(Nc1cnc2[nH]cc(-c3cccnc3)c2c1)c1ccc(F)cc1,0.0
O=C(Nc1cnc2[nH]cc(-c3cncc(F)c3)c2c1)c1ccc(F)cc1,0.0
COc1cncc(-c2c[nH]c3ncc(NC(=O)c4ccc(Cl)cc4OC)cc23)c1,0.0
O=C(Nc1cnc2[nH]cc(-c3cccnc3)c2c1)c1ccc(C(F)(F)F)c(F)c1,0.0
COc1cc(Cl)ccc1C(=O)Nc1cnc2[nH]cc(-c3cncc(F)c3)c2c1,0.0
c1cncc(CNc2cc(-c3ccc4c(c3)OCO4)ncn2)c1,0.0
CN(C)CC#Cc1ccc2[nH]c3c(c2c1)-c1nc(N)ncc1CCC3,0.0
Cc1nc(OCc2cncs2)c2c(-c3ccnc(N)c3)c[nH]c2n1,1.0
CO[C@@H]1CCN2C(=O)c3cccc(NC(=O)Nc4ccn(C)n4)c3[C@@H]2C1,0.0
O=C1N=C(Nc2ccccc2)N=C1Cc1ccc2c(c1)OCO2,1.0
CCN1CCN(Cc2ccc(Nc3ncc(F)c(-c4cc(F)c5nc(C)n(C(C)C)c5c4)n3)nc2)CC1,1.0
Clc1cc(Cl)cc(CNc2ncncc2-c2ccc3c(c2)OCO3)c1,1.0
Clc1ccc(CNc2ncncc2-c2ccc3c(c2)OCO3)cc1Cl,0.0
Clc1ccc(CNc2ncncc2-c2ccc3c(c2)OCO3)cc1,0.0
O=C1Cc2c([nH]c3cc[n+](Cc4ccccc4)cc23)-c2ccccc2N1,0.0
COc1ncc2cc(C(=O)Nc3cc(C(N)=O)ccc3Cl)c(=O)[nH]c2n1,1.0
COC(=O)c1ccc(Cl)c(NC(=O)c2cc3cnc(OC)nc3[nH]c2=O)c1,1.0
CNC(=O)c1ccc(Cl)c(NC(=O)c2cc3cnc(OC)nc3[nH]c2=O)c1,1.0
COC(=O)c1ccc(C)c(NC(=O)c2cc3cnc(OC)nc3[nH]c2=O)c1,1.0
COc1ncc2cc(C(=O)Nc3cc(C(=O)NCCCN)ccc3Cl)c(=O)[nH]c2n1,0.0
c1cncc(-c2cc(-c3cncs3)cs2)c1,1.0
COC(=O)c1ccc(Cl)c(C(=O)Nc2cc3cnc(OC)nc3[nH]c2=O)c1,0.0
c1coc(CCNc2ncnc3ccc(-c4ccc5c(c4)OCO5)cc23)c1,1.0
O=C(Nc1cccc2c1C1CCCCN1C2=O)NC1CCCCC1,0.0
CN1CCN(c2cc(C(=O)Nc3cc4cc(-c5cnn(C)c5)ccc4cn3)ccn2)CC1,1.0
Nc1nccc(-c2cn(C(=O)N3CCOCC3)c3ccc(Br)cc23)n1,1.0
O=C(Nc1cccc(CN2CCCC2)n1)Nc1cccc2c1C1CCCCN1C2=O,0.0
COC(=N)c1nc2ccc3ncnc(Nc4ccc5c(c4)OCO5)c3c2s1,1.0
COC(=N)c1nc2ccc3ncnc(Nc4cc(Br)c5c(c4)OCO5)c3c2s1,1.0
CCOC(=N)c1nc2ccc3ncnc(Nc4ccc5c(c4)OCO5)c3c2s1,1.0
CC(C)OC(=O)c1nc2ccc3ncnc(Nc4ccc5c(c4)OCO5)c3c2s1,1.0
CN(C)CCNC(=N)c1nc2ccc3ncnc(Nc4ccc5c(c4)OCO5)c3c2s1,1.0
NC(=O)c1nc2ccc3ncnc(Nc4ccc5c(c4)OCO5)c3c2s1,1.0
COC(=O)c1nc2ccc3ncnc(Nc4ccc5c(c4)OCO5)c3c2s1,1.0
CCN(CC)CCNC(=N)c1nc2ccc3ncnc(Nc4ccc5c(c4)OCO5)c3c2s1,0.0
COc1ccc2[nH]c3c(=O)[nH]nc(-c4ccco4)c3c2c1,1.0
COc1ncc2cc(C(=O)Nc3cc(C(=O)Nc4ccccc4)ccc3Cl)c(=O)[nH]c2n1,1.0
O=C1NC(Nc2ccccc2)=N/C1=C\c1ccc2c(c1)CCCO2,1.0
CCC(=O)O[C@@H](C/C=C(\C)C(=O)OC)[C@H](C(=O)OC)[C@@H](OC(C)=O)[C@@H](C[C@H](C)[C@H](OC(=O)CC(C)C)[C@@H]1C[C@H](C)C[C@]2(C[C@H](C)C[C@@](O)(CC(C)=O)O2)O1)OC(=O)CC(C)C,0.0
CCC(=O)O[C@@H](C/C=C(\C)C(=O)OC)[C@H](C(=O)OC)[C@@H](OC(C)=O)[C@@H](C[C@H](C)[C@H](OC(=O)CC(C)C)[C@@H]1C[C@H](C)C[C@]2(C[C@H](C)C[C@](CC(C)=O)(OC(C)=O)O2)O1)OC(=O)CC(C)C,0.0
CC1(c2ccc(-c3coc4ccc(-c5cn[nH]c5)nc34)cc2)CC1,0.0
Clc1ccc(CNc2nccc(-c3ccc4c(c3)OCCO4)n2)cc1Cl,1.0
O=C1NC(NCC23CC4CC(CC(C4)C2)C3)=N/C1=C\c1ccc2ncsc2c1,1.0
CC(NC1=N/C(=C\c2ccc3ncsc3c2)C(=O)N1)C12CC3CC(CC(C3)C1)C2,1.0
CC(=O)n1nc(C)c(-c2ccc(Cl)c(Cl)c2)c1N,0.0
c1cncc(-c2ccc3ncnc(NCc4cccs4)c3c2)c1,0.0
Cn1c2c(O)cccc2c(=O)c2c3c(c4c(c21)C=CC(C)(C)O4)C=C(O)C(C)(C)O3,0.0
C[C@@H]1[C@H]2C[C@@H](C[C@H]1NC1=N/C(=C\c3ccc4ncsc4c3)C(=O)N1)C2(C)C,1.0
O=C1NC(Nc2ccccn2)=N/C1=C\c1ccc2c(c1)OCO2,1.0
Cc1nc(N)c2c(C#N)c(-c3cccc(F)c3F)[nH]c2n1,1.0
Cc1nc(N)c2c(C#N)c(-c3cccc(F)c3F)n(C)c2n1,1.0
CCn1c(-c2cccc(F)c2F)c(C#N)c2c(N)nc(C)nc21,1.0
COc1cccc(-c2c(C#N)c3c(N)nc(C)nc3n2C)c1C,0.0
NC(=O)c1cc(-c2cn3cc(Br)ccc3n2)ccc1O,0.0
NC(=O)c1cc(-c2cn3cc(O)ccc3n2)ccc1O,0.0
NC(=O)c1cc(-c2cn3ccccc3n2)ccc1O,0.0
NC(=O)c1cc(-c2cn3cc(F)ccc3n2)ccc1O,0.0
NC(=O)c1cc(-c2cn3cc(Cl)ccc3n2)ccc1O,0.0
NC(=O)c1cccc(-c2cn3cc(Cl)ccc3n2)c1,0.0
COc1cccc(-c2cn3cc(Cl)ccc3n2)c1,0.0
NC(=O)c1cc(-c2cn3cc(I)ccc3n2)ccc1O,0.0
COc1cc(OC)cc(-c2cn3cc(Cl)ccc3n2)c1,0.0
NC(=O)c1cc(-c2cn3cc(N)ccc3n2)ccc1O,0.0
COc1cc(-c2cn3cc(Cl)ccc3n2)cc(OC)c1OC,0.0
Nc1ccc(-c2cn3cc(Cl)ccc3n2)cc1Br,0.0
Oc1ccc(-c2cn3cc(Cl)ccc3n2)cc1,0.0
COc1ccc(-c2cn3cc(Cl)ccc3n2)cc1,0.0
COc1ccc(-c2cn3cc(Cl)ccc3n2)cc1O,0.0
COc1ccc2c(c1)[nH]c1c(N3CCCCC3)nccc12,0.0
O=C(Nc1ccc(C(=O)NCc2ccccc2)cc1)Nc1nc2ccc(O)cc2s1,1.0
CN(C)c1nc2c(c(-c3cnn4ncccc34)n1)COC2,0.0
COc1cc(NC(=O)Nc2cccc3c2[C@@H]2C[C@H](OC)CCN2C3=O)nc2ccccc12,0.0
COc1cc(NC(=O)Nc2cccc3c2[C@@H]2C[C@H](O)CCN2C3=O)nc2ccccc12,0.0
Cn1nc(-c2cnc(N)c(-c3ccc(C(N)=O)c(F)c3)n2)nc1C1(c2ccccc2)CC1,1.0
c1cncc(CNc2ccnc(-c3ccc4[nH]ncc4c3)n2)c1,1.0
COc1ccc2[nH]cc(-c3cc4cnccc4cc3NC(C)=O)c2c1,1.0
O=C1NC(NC23CC4CC(CC2C4)C3)=N/C1=C\c1ccc2ncsc2c1,1.0
Oc1ccc2c(c1)C(O)c1cc(O)ccc1-2,0.0
O=C(NCc1ccccc1)c1cnc2[nH]cc(-c3cc(F)c4ncccc4c3)c2c1,1.0
O=C(NCc1ccccc1)c1cnc2[nH]cc(-c3cc(Cl)c4ncccc4c3)c2c1,1.0
COc1nc(C)nc2[nH]cc(-c3cccc(C(N)=O)c3)c12,0.0
O=c1oc2c(O)c(O)cc3c(=O)oc4c(O)c(O)cc1c4c23,0.0
OCCN1CCN(c2ccc3ncc(-c4cccc(Cl)c4)n3n2)CC1,1.0
Cn1cc(-c2ccc3occ(-c4ccc(C(C)(C)C)cc4)c3n2)nn1,0.0
N#Cc1c(-c2ccccc2)[nH]c2c(I)cccc12,1.0
N#Cc1c(-c2ccccc2)[nH]c2c(Cl)cccc12,1.0
Nc1cc(-c2c[nH]c3c(Cl)cccc23)ccn1,1.0
Nc1cc(-c2c[nH]c3c([N+](=O)[O-])cccc23)ccn1,1.0
N#Cc1cccc2c(-c3ccnc(N)c3)c[nH]c12,1.0
COc1cccc2c(-c3ccnc(N)c3)c[nH]c12,0.0
COc1ccc2c(-c3ccnc(N)c3)c[nH]c2c1,0.0
Nc1cc(-c2c[nH]c3cc(Cl)ccc23)ccn1,0.0
Nc1cc(-c2c[nH]c3cc(C(F)(F)F)ccc23)ccn1,0.0
COc1ccc2c(CC#N)c(-c3ccncc3)[nH]c2n1,0.0
COc1ccc2cc(-c3ccncc3)[nH]c2n1,0.0
COc1ccc(/C=C2\SC(=S)NC2=O)cc1C#C[Si](C)(C)c1ccccc1,0.0
O=C1NC(Nc2ccccc2)=NC1Cc1ccc2c(c1)OCO2,0.0
Oc1ccc(-c2n[nH]c3ncc(Br)cc23)cc1,1.0
CC(=O)Nc1cccc(-c2n[nH]c3ncc(Br)cc23)c1,1.0
CC(=O)Nc1ccc(-c2n[nH]c3ncc(Br)cc23)cc1,0.0
c1cnc2[nH]cc(-c3ccc4ncc(NCc5ccoc5)cc4c3)c2c1,1.0
O=C(c1cccc(O)c1)c1cc2cc(O)ccc2o1,0.0
O=C(c1ccc(O)cc1)c1cc2cc(O)ccc2o1,0.0
O=C(Nc1cccc2c1C1CCCCN1C2=O)Nc1ncccc1O,0.0
Cc1cccc(NC(=O)Nc2cccc3c2C2CCCCN2C3=O)n1,0.0
O=Cc1cccc(NC(=O)Nc2cccc3c2C2CCCCN2C3=O)n1,0.0
O=C(Nc1cccc(Br)n1)Nc1cccc2c1C1CCCCN1C2=O,0.0
O=C(Nc1cccc(F)n1)Nc1cccc2c1C1CCCCN1C2=O,0.0
Cc1cccnc1NC(=O)Nc1cccc2c1C1CCCCN1C2=O,0.0
O=C(Nc1cc(CO)ccn1)Nc1cccc2c1C1CCCCN1C2=O,0.0
COCc1ccnc(NC(=O)Nc2cccc3c2C2CCCCN2C3=O)c1,0.0
COC(=O)c1cccc(NC(=O)Nc2cccc3c2C2CCCCN2C3=O)n1,0.0
O=C(Nc1cc(Br)ccn1)Nc1cccc2c1C1CCCCN1C2=O,0.0
COc1cccnc1NC(=O)Nc1cccc2c1C1CCCCN1C2=O,0.0
O=C(Nc1ccccn1)Nc1cccc2c1C1CCCCN1C2=O,0.0
O=C(Nc1cc(CF)ccn1)Nc1cccc2c1C1CCCCN1C2=O,0.0
O=C(Nc1cccc(CO)n1)Nc1cccc2c1C1CCCCN1C2=O,0.0
Cc1ccnc(NC(=O)Nc2cccc3c2C2CCCCN2C3=O)c1,0.0
COC(=O)c1cccnc1NC(=O)Nc1cccc2c1C1CCCCN1C2=O,0.0
Cc1ccc(NC(=O)Nc2cccc3c2C2CCCCN2C3=O)nc1,0.0
CCN(CC)Cc1cccc(NC(=O)Nc2cccc3c2C2CCCCN2C3=O)n1,0.0
COCc1cccc(NC(=O)Nc2cccc3c2C2CCCCN2C3=O)n1,0.0
O=C(Nc1ccc(Br)cn1)Nc1cccc2c1C1CCCCN1C2=O,0.0
O=C(Nc1cccc2c1C1CCCCN1C2=O)Nc1ncc(F)cc1F,0.0
O=C(Nc1cccc2c1C1CCCCN1C2=O)Nc1nc(Cl)c(Cl)c(Cl)c1Cl,0.0
O=C(Nc1ccc(O)cn1)Nc1cccc2c1C1CCCCN1C2=O,0.0
CC(C)C[C@@H](O)Nc1nc(Nc2ccc(-c3ncccn3)cc2)c2ncn(C(C)C)c2n1,1.0
CCC[C@H](O)Nc1nc(Nc2ccc(-c3ncccn3)cc2)c2ncn(C(C)C)c2n1,1.0
CC(C)C[C@H](O)Nc1nc(Nc2ccc(-c3ncccn3)cc2)c2ncn(C(C)C)c2n1,1.0
COc1ccc2c(c1)[nH]c1c(N3CCCC3)nccc12,1.0
c1cncc(-c2csc(-c3cncs3)c2)c1,1.0
O=C(Nc1cc(CN2CCOCC2)ccn1)Nc1cccc2c1C1CCCCN1C2=O,0.0
O=C1Cc2c([nH]c3ccncc23)-c2ccccc2N1,0.0
O=C1Nc2cc(CS(=O)(=O)c3c(Cl)cccc3Cl)ccc2S/C1=C\c1ccc(O)c([N+](=O)[O-])c1,1.0
Cc1cnc(CNC2=N/C(=C\c3ccc4ncsc4c3)C(=O)N2)cn1,1.0
O=C(Nc1nc2ccccc2s1)Nc1cccc2c1C1CCCCN1C2=O,0.0
O=C1NC(Nc2ccccc2)=N/C1=C\c1ccc2c(c1)CCO2,1.0
COc1ccc(-c2cnc3ccc(NCc4cc(F)cc(F)c4)cn23)cc1,1.0
c1ccc(CNc2nc(Nc3cc(C4CC4)[nH]n3)c3sccc3n2)cc1,1.0
O=C1NC(Nc2ccc(N3CCCCC3)cc2)=N/C1=C\c1ccc2c(c1)OCO2,1.0
Nc1cc(-c2ccn3nccc3n2)cc(N)n1,1.0
O=c1c2c(O)cc(O)cc2oc2c(O)ccc(O)c12,1.0
C=C(C)c1ccc(-c2coc3ccc(-c4cn[nH]c4)nc23)cc1,0.0
Cn1cc(-c2ccc3occ(-c4ccc(C(C)(C)C)cc4)c3n2)cn1,0.0
CC(C)(C)c1ccc(-c2coc3ccc(-c4cn[nH]c4)nc23)cc1,0.0
CC(C)Cc1ccc(-c2coc3ccc(-c4cn[nH]c4)nc23)cc1,0.0
O=C1NC(N2CCCC2)=N/C1=C\c1ccc2c(c1)OCO2,1.0
COC[C@@H](CC(C)C)NC1=N/C(=C\c2ccc3nnsc3c2)C(=O)N1,1.0
COC[C@@H](CC(C)C)NC1=N/C(=C\c2ccc3nnsc3c2)C(=O)N1C,1.0
O=C(Nc1ccc(NS(=O)(=O)c2cccc(F)c2)cc1)Nc1nc2ccc(O)cc2s1,1.0
O=C(Nc1ccc(NS(=O)(=O)c2ccccc2)cc1)Nc1nc2ccc(O)cc2s1,1.0
c1ccc(-c2ccc3[nH]ncc3c2)cc1,1.0
NC(=O)c1cc2c(-c3ccc(C(=O)NCc4ccnc(Cl)c4)s3)cccc2s1,0.0
N=C(NCc1ccc(F)cc1)c1nc2ccc3ncnc(Nc4ccc(Br)cc4F)c3c2s1,0.0
COc1ccc(Nc2ncnc3ccc4nc(C(=N)NCc5ccccc5)sc4c23)cc1,0.0
COc1ccc2sc(NC(C)=O)nc2c1,1.0
CC(=O)Nc1nc2ccc([N+](=O)[O-])cc2s1,1.0
CC(=O)Nc1nc2cc(O)ccc2s1,1.0
CC(=O)Nc1nc2cc(Br)ccc2s1,0.0
CC(=O)Nc1nc2ccc(C(F)(F)F)cc2s1,0.0
CC(=O)Nc1nc2ccc(C#N)cc2s1,0.0
CC(=O)Nc1nc2ccc(Br)cc2s1,0.0
CC(=O)Nc1nc2ccc(Cl)cc2s1,0.0
CC(=O)Nc1nc2ccc(OC(F)(F)F)cc2s1,0.0
CC(=O)Nc1nc2cc(F)ccc2s1,0.0
CC(=O)Nc1nc2ccc(C)cc2s1,0.0
COc1cccc2sc(NC(C)=O)nc12,0.0
COc1ccc2nc(NC(C)=O)sc2c1,0.0
CC(=O)Nc1nc2ccc(C(N)=O)cc2s1,0.0
CC(=O)Nc1nc2ccc(F)cc2s1,0.0
CC(=O)Nc1nc2cc(C(F)(F)F)ccc2s1,0.0
CC(=O)Nc1nc2ccc(O)cc2s1,0.0
CC(=O)Nc1nc2cc(C)ccc2s1,0.0
CC(=O)Nc1nc2c(O)cccc2s1,0.0
CC(=O)Nc1nc2ccccc2s1,0.0
O=C1NC(N[C@@H]2CCOC2)=N/C1=C\c1ccc2ncsc2c1,1.0
O=C1NC(Nc2ncccn2)=N/C1=C\c1ccc2ncsc2c1,1.0
CCOC(=O)C(=O)/C(=N\Nc1ccccc1)C(=O)c1ccc(Cl)cc1,0.0
CCOC(=O)C(=O)/C(=N\Nc1ccccc1)C(=O)c1ccccc1,0.0
COC(=N)c1nc2ccc3ncnc(Nc4ccc5c(c4)OCCO5)c3c2s1,1.0
O=C(NCc1cccnc1)c1cnc2[nH]cc(-c3cc(F)c4nccc(-c5cccnc5)c4c3)c2c1,1.0
CCOC(=O)c1c(/C(C#N)=C\N)c2ccc(Cl)c(Cl)c2n1C,1.0
CCOC(=O)c1c(/C(C#N)=C/N)c2ccc(Cl)c(Cl)c2n1C,1.0
N#Cc1c[nH]c2c(I)cccc12,1.0
N#Cc1c[nH]c2c(Br)cccc12,0.0
N#Cc1c[nH]c2c(Cl)cccc12,0.0
CC(C)[C@H](CO)Nc1cncc(Nc2nc3cncnc3n2C(C)C)n1,1.0
CC[C@H](CO)Nc1cncc(Nc2nc3cncnc3n2C(C)C)n1,1.0
CC(C)n1c(Nc2cncc(C(C)(C)CO)n2)nc2cncnc21,0.0
O=C(Nc1cc(O)c2ccccc2n1)Nc1cccc2c1C1CCCCN1C2=O,0.0
O=C(Nc1ccc2ccccc2n1)Nc1cccc2c1C1CCCCN1C2=O,0.0
COc1cc(NC(=O)Nc2cccc3c2C2CCCCN2C3=O)nc2ccccc12,0.0
O=C(Nc1ccc2cccc(O)c2n1)Nc1cccc2c1C1CCCCN1C2=O,0.0
N#Cc1cccc(Nc2nccc(-c3cnn4ncccc34)n2)c1,1.0
Cc1cccc(Nc2nccc(-c3cnn4ncccc34)n2)c1,1.0
COc1cccc(Nc2nccc(-c3cnn4ncccc34)n2)c1,1.0
c1ccc(Nc2nccc(-c3cnn4ncccc34)n2)cc1,1.0
Cc1ccccc1Nc1nccc(-c2cnn3ncccc23)n1,1.0
Cc1cccc(N(C)c2nccc(-c3cnn4ncccc34)n2)c1,1.0
COc1cccc(N(C)c2nccc(-c3cnn4ncccc34)n2)c1,1.0
N#Cc1ccc(Nc2nccc(-c3cnn4ncccc34)n2)cc1,1.0
COc1ccccc1Nc1nccc(-c2cnn3ncccc23)n1,1.0
CN(c1ccccc1)c1nccc(-c2cnn3ncccc23)n1,1.0
COc1cc(Nc2nc(C)cc(-c3cnn4nc(OC)ccc34)n2)cc(C(F)(F)F)c1,0.0
CC[C@@H](CO)Nc1ccc2ncc(-c3ccc4[nH]ccc4c3)n2n1,1.0
COc1ccc2ncc(-c3ccc4[nH]ccc4c3)n2n1,1.0
CSc1ccc2ncc(-c3ccc4[nH]ccc4c3)n2n1,1.0
Clc1ccc2ncc(-c3ccc4[nH]ccc4c3)n2n1,0.0
O=C1NC(NC2Cc3ccccc3C2)=N/C1=C\c1ccc2ncsc2c1,1.0
COc1cc(NC(=O)Nc2cccc3c2C2CC4(CCN2C3=O)OCCO4)nc2ccccc12,0.0
COc1ccc(/C=C2\SC(=S)NC2=O)cc1/C=C/C1CCCCC1,0.0
N=C(NCc1ccncc1)c1nc2ccc3ncnc(Nc4ccc(Br)cc4F)c3c2s1,0.0
NCC(Nc1nccc(-c2n[nH]c3nc(NCCN4CCOCC4)ncc23)n1)c1ccccc1,1.0
CCNCc1ccc(-c2ccc3ncnc(NCC(C)(C)C)c3c2)o1,1.0
N#C/C(=C\c1ccncc1)c1c[nH]c2ccccc12,0.0
O=C1NC(Nc2ccccn2)=N/C1=C\c1ccc2ncsc2c1,1.0
O=C(Nc1cc2ccccc2cn1)Nc1cccc2c1C1CCCCN1C2=O,0.0
O=C(Nc1cccc(O)c1)c1cnc2[nH]cc(-c3ccc(O)cc3)c2c1,1.0
O=C(Nc1ccc(O)cc1)c1cnc2[nH]cc(-c3ccc(O)cc3)c2c1,1.0
O=C1NC(Nc2ccc(Oc3ccccc3)cc2)=N/C1=C\c1ccc2c(c1)OCO2,1.0
O=C(Nc1cc(-c2cn(C3CCOCC3)c3cnccc23)ccn1)NC1CC1,1.0
c1ncc(CNc2ccnc(-c3ccc4c(c3)OCO4)n2)cn1,0.0
N=C(NCCN1CCCC1)c1nc2ccc3ncnc(Nc4ccc5c(c4)OCO5)c3c2s1,0.0
COc1ncc2cc(C(=O)Nc3cc(C(=O)NCCc4cccc(Cl)c4)ccc3Cl)c(=O)[nH]c2n1,1.0
CC(C)n1cnc2c(NCc3ccc(-c4ccccn4)cc3)nc(N[C@@H]3CCC[C@H](O)[C@@H]3O)nc21,1.0
CC(=O)/C=C1\Sc2ccc(O)cc2N1CCc1ccccc1,1.0
COc1ncc2cc(C(=O)Nc3cc(C(=O)NC(CN)c4ccccc4)ccc3Cl)c(=O)[nH]c2n1,1.0
COc1ncc2cc(C(=O)Nc3cc(C(=O)N[C@H](CCN)c4ccccc4)ccc3Cl)c(=O)[nH]c2n1,1.0
COc1ncc2cc(C(=O)Nc3cc(C(=O)NC(CCN)c4ccccc4)ccc3Cl)c(=O)[nH]c2n1,1.0
COc1ncc2cc(C(=O)Nc3cc(C(=O)NC(CCN)c4cccc(Cl)c4)ccc3Cl)c(=O)[nH]c2n1,1.0
COc1ncc2cc(C(=O)Nc3cc(C(=O)NC(CCCN)c4ccccc4)ccc3Cl)c(=O)[nH]c2n1,1.0
COc1ncc2cc(C(=O)Nc3cc(C(=O)NCc4cccc(Cl)c4)ccc3Cl)c(=O)[nH]c2n1,1.0
Cc1ncc2cc(C(=O)Nc3cc(C(=O)NC(CCN)c4ccccc4)ccc3Cl)c(=O)[nH]c2n1,1.0
NCCC(NC(=O)c1ccc(Cl)c(NC(=O)c2cc3cnc(CC(N)=O)nc3[nH]c2=O)c1)c1ccccc1,1.0
COc1nc(C)c2cc(C(=O)Nc3cc(C(=O)NC(CCN)c4ccccc4)ccc3Cl)c(=O)[nH]c2n1,1.0
COc1ncc2cc(C(=O)Nc3cc(C(=O)NC(CCN(C)C)c4cccc(Cl)c4)ccc3Cl)c(=O)[nH]c2n1,1.0
COc1ncc2cc(C(=O)Nc3cc(C(=O)NCc4ccccc4)ccc3Cl)c(=O)[nH]c2n1,1.0
COc1ncc2cc(C(=O)Nc3cc(C(=O)N(C)Cc4cccc(Cl)c4)ccc3Cl)c(=O)[nH]c2n1,1.0
COc1ncc2cc(C(=O)Nc3cc(C(=O)NC(CCCCN)c4ccccc4)ccc3Cl)c(=O)[nH]c2n1,1.0
COc1ncc2cc(C(=O)Nc3cc(C(=O)N[C@@H](CCN)c4ccccc4)ccc3Cl)c(=O)[nH]c2n1,0.0
NCCC(NC(=O)c1ccc(Cl)c(NC(=O)c2cc3cnc(N4CCC(N)CC4)nc3[nH]c2=O)c1)c1ccccc1,1.0
c1ccc(CNc2ccnc(-c3ccc4c(c3)OCO4)n2)nc1,0.0
Fc1ccc(Cn2cc(-c3ccncc3)c3ccncc32)cc1,1.0
c1ccc(Cn2cc(-c3ccncc3)c3ccncc32)cc1,1.0
c1cnn2ncc(-c3ccnc(N4CCC45COC5)n3)c2c1,1.0
CC1(NC2=N/C(=C\c3ccc4ncsc4c3)C(=O)N2)CCNC1=O,1.0
CN1CC[C@@](C)(NC2=N/C(=C\c3ccc4ncsc4c3)C(=O)N2)C1=O,1.0
CN1CC[C@](C)(NC2=N/C(=C\c3ccc4ncsc4c3)C(=O)N2)C1=O,1.0
CN1CCC(NC2=N/C(=C\c3ccc4ncsc4c3)C(=O)N2)C1=O,1.0
CC1(C)CNC(=O)C1NC1=N/C(=C\c2ccc3ncsc3c2)C(=O)N1,1.0
O=C1NC(NC2CCNC2=O)=N/C1=C\c1ccc2ncsc2c1,1.0
O=C(NCC1CCOCC1)c1n[nH]c2ccc(-c3cncc(CO)c3)cc12,1.0
Cc1nnc(CN(C)c2ncnc3ccc(-c4ccc5c(c4)OCO5)cc23)o1,1.0
c1cc(-c2c[nH]c3cnccc23)ccn1,1.0
CC(C)n1cc(-c2ccncc2)c2ccncc21,1.0
COCCn1cc(-c2ccncc2)c2ccncc21,1.0
CC(C)Cn1cc(-c2ccncc2)c2ccncc21,1.0
Clc1cnccc1-c1c[nH]c2cnccc12,1.0
Fc1cc(-c2c[nH]c3cnccc23)ccn1,1.0
Cc1cc(-c2c[nH]c3cnccc23)ccn1,1.0
Cn1cc(-c2ccncc2)c2ccncc21,1.0
COc1cc(-c2c[nH]c3cnccc23)ccn1,1.0
Nc1cc(-c2c[nH]c3cnccc23)ccn1,0.0
O=c1oc2cc(O)ccc2c2c1[nH]c1ccc(O)cc12,1.0
O=c1oc2ccc(O)cc2c2c1[nH]c1ccc(O)cc12,1.0
O=c1oc2cc(O)ccc2c2c1[nH]c1ccccc12,1.0
NC(=O)c1cccc2cn(-c3ccc([C@@H]4CCCNC4)cc3)nc12,0.0
Cc1onc2ccc(-c3cc(N)nc(N)c3)cc12,1.0
CC(C)c1nnc2ccc(-c3ocnc3-c3ccccc3)cn12,0.0
CC(C)(C)c1nnc2ccc(-c3ocnc3-c3ccc(F)cc3F)cn12,0.0
CCNc1nnc2ccc(-c3ocnc3-c3ccc(F)cc3)cn12,0.0
CC(C)(C)c1nnc2ccc(-c3ocnc3-c3cc(F)c(F)cc3F)cn12,0.0
CC(C)c1nnc2ccc(-c3ocnc3-c3cc(F)c(F)cc3F)cn12,0.0
CC(C)c1nnc2ccc(-c3ocnc3-c3ccc(F)cc3Cl)cn12,0.0
N=C(NCCN1CCCCC1)c1nc2ccc3ncnc(Nc4ccc5c(c4)OCO5)c3c2s1,0.0
COc1cc2c(-c3cnc(-c4ccc[nH]4)o3)c[nH]c2cc1Br,0.0
COc1cc(Br)cc2[nH]c(I)c(-c3cnc(-c4ccc[nH]4)o3)c12,0.0
COc1cc(Br)cc2[nH]cc(-c3oc(-c4ccc[nH]4)nc3I)c12,0.0
COc1cc(Br)cc2[nH]cc(-c3cnc(-c4ccc(Br)[nH]4)o3)c12,0.0
COc1cc(Br)cc2[nH]cc(-c3cnc(-c4ccc[nH]4)o3)c12,0.0
COc1cc(Br)cc2[nH]cc(-c3cnc(-c4cc(Br)c[nH]4)o3)c12,0.0
NC(=O)c1cc2c(-c3ccc(C(=O)NCc4ccccc4N)s3)cccc2s1,0.0
NC(=O)c1cc2c(-c3ccc(C(=O)NCc4ccccc4N)s3)c(Cl)ccc2s1,0.0
NC(=O)c1cc2c(-c3ccc(C(=O)NCc4ccc(N)cc4)s3)cccc2s1,0.0
NC(=O)c1cc2c(-c3ccc(C(=O)NCc4ccccc4O)s3)cccc2s1,0.0
NC(=O)c1cc2c(-c3ccc(C(=O)NCc4ccccc4)s3)cccc2s1,0.0
COc1ccc(-c2ccc3ncnc(NCc4cccs4)c3c2)cc1,0.0
COc1cccc(-c2ccc3ncnc(NCc4cccs4)c3c2)c1,0.0
Clc1ccccc1-c1ccc2ncnc(NCc3cccs3)c2c1,0.0
Cc1cccc(-c2ccc3ncnc(NCc4cccs4)c3c2)c1,0.0
COc1ccc(-c2ccc3ncnc(NCc4cccs4)c3c2)cc1OC,0.0
Clc1cccc(-c2ccc3ncnc(NCc4cccs4)c3c2)c1,0.0
COc1cc(-c2ccc3ncnc(NCc4cccs4)c3c2)cc(OC)c1OC,0.0
O=C1Nc2cc(Br)ccc2/C1=C1/Nc2ccccc2/C1=N\O,1.0
O=C(O)c1nc2ccccc2c2[nH]c3c(I)cccc3c12,1.0
COc1ccc2c(c1)nc(C(=O)O)c1c3cccc(Br)c3[nH]c21,1.0
O=C(O)c1nc2ccccc2c2[nH]c3c(Br)cccc3c12,1.0
COc1ccc2c(c1)nc(C(=O)O)c1c3cccc(I)c3[nH]c21,1.0
COc1ccc2c(c1)nc(C(=O)O)c1c3cccc(Cl)c3[nH]c21,1.0
O=C(O)c1nc2ccccc2c2[nH]c3c(Cl)cccc3c12,1.0
COc1cccc2c1[nH]c1c3ccccc3nc(C(=O)O)c21,1.0
COc1ccc2nc(C(=O)O)c3c4cccc(Cl)c4[nH]c3c2c1,1.0
O=C(O)c1nc2ccc(I)cc2c2[nH]c3c(Br)cccc3c12,1.0
O=C(O)c1nc2ccc(I)cc2c2[nH]c3c(Cl)cccc3c12,1.0
COc1ccc2c(c1)nc(C(=O)O)c1c3cccc(F)c3[nH]c21,1.0
CCOc1ccc2c(c1)nc(C(=O)O)c1c3cccc(Cl)c3[nH]c21,0.0
O=C(O)c1nc2cc(Cl)ccc2c2[nH]c3c(Cl)cccc3c12,0.0
O=C(O)c1nc2ccccc2c2[nH]c3ccccc3c12,0.0
O=C(O)c1nc2ccc(I)cc2c2[nH]c3c(F)cccc3c12,0.0
O=C(O)c1nc2ccc(I)cc2c2[nH]c3ccc(Cl)cc3c12,0.0
O=C(O)c1ccc2[nH]c3c4ccccc4nc(C(=O)O)c3c2c1,0.0
Cc1ccc2[nH]c3c4ccccc4nc(C(=O)O)c3c2c1,0.0
O=C(O)c1nc2ccccc2c2[nH]c3ccc(C(F)(F)F)cc3c12,0.0
O=C(O)c1nc2ccccc2c2[nH]c3ccc([N+](=O)[O-])cc3c12,0.0
CC(C)(C)c1ccc2[nH]c3c4ccccc4nc(C(=O)O)c3c2c1,0.0
CC1N=CC(c2ccc3occ(-c4cccc(-c5ccncc5)c4)c3n2)=N1,1.0
O=C1NC(N2CCOCC2)=N/C1=C\c1ccc2c(c1)OCO2,1.0
c1cnn2ncc(-c3ccnc(N4CC5CC5C4)n3)c2c1,1.0
CC1(C)OCC(=O)Nc2cc(Nc3nc(NCC(F)(F)F)c4occc4n3)ccc21,0.0
O=C(Cc1ccc(F)cc1)Nc1cncc(-c2cc(-c3cccnc3)cs2)c1,1.0
O=C(Cc1ccccc1)Nc1cncc(-c2cc(-c3cccnc3)cs2)c1,1.0
N#Cc1cc2ccccc2c2[nH]c3ccccc3c12,0.0
CCS(=O)(=O)c1ccc(OC)c(Nc2ncc(-c3cc4ccccc4s3)o2)c1,1.0
c1nc(NCCc2c[nH]cn2)c2cc(-c3ccc4c(c3)OCO4)ccc2n1,1.0
Clc1ccc(CNc2ccnc(-c3ccc4[nH]ncc4c3)n2)cc1Cl,0.0
CNC(=O)c1cnc2[nH]cc(-c3ccc4nccc(N5CCOCC5)c4c3)c2c1,1.0
CNC(=O)c1cnc2[nH]cc(-c3ccc4ncc(NC(C)=O)c(N5CCOCC5)c4c3)c2c1,1.0
O=C(NCc1cccnc1)c1cnc2[nH]cc(-c3ccc4ncc(NCC5CCOCC5)cc4c3)c2c1,1.0
Cn1cc(-c2ccc3occ(-c4cccc(-c5cc[nH]n5)c4)c3n2)cn1,1.0
O=C1Cc2c([nH]c3ccc(Br)cc23)-c2ccccc2N1,0.0
COc1ccc2[nH]cc3c2c1C(C)NC(c1cccnc1)=C3C#N,0.0
c1cnn2ncc(-c3ccnc(N4CC5(COC5)C4)n3)c2c1,1.0
O=C1NC(NC2CCNCC2)=N/C1=C\c1ccc2c(c1)OCO2,1.0
c1csc(CNc2ncnc3ccc(-c4ccc5c(c4)OCO5)cc23)c1,1.0
CN(Cc1cccs1)c1ncnc2ccc(-c3ccc4c(c3)OCO4)cc12,1.0
Cc1ccsc1CNc1ncnc2ccc(-c3ccc4c(c3)OCO4)cc12,1.0
CCN(Cc1cccs1)c1ncnc2ccc(-c3ccc4c(c3)OCO4)cc12,1.0
Fc1c(-c2ccc3ncnc(NCc4cccs4)c3c2)ccc2c1OCO2,1.0
Cc1ccsc1CN(C)c1ncnc2ccc(-c3ccc4c(c3)OCO4)cc12,1.0
Cc1ccc(CNc2ncnc3ccc(-c4ccc5c(c4)OCO5)cc23)s1,0.0
COc1cc2ncnc(N(C)Cc3cccs3)c2cc1-c1ccc2c(c1)OCO2,0.0
COc1ccc(Nc2cc(C)n[nH]c2=O)cc1,0.0
CC1(C)CN(C(=O)Nc2cc(-c3cn(C4CCOCC4)c4cnccc34)ccn2)C1,1.0
Cc1nc(CN(C)c2ncnc3ccc(-c4ccc5c(c4)OCO5)cc23)cs1,1.0
Cc1nc(CNc2ncnc3ccc(-c4ccc5c(c4)OCO5)cc23)cs1,1.0
O=C1NC(NC23CC4CC(CC(C4)C2)C3)=N/C1=C\c1ccc2scnc2c1,0.0
O=C1NC(NC2CCCCC2(F)F)=N/C1=C\c1ccc2ncsc2c1,1.0
O=C1NC(NC2CCCC(F)(F)C2)=N/C1=C\c1ccc2ncsc2c1,1.0
CO[C@H]1CCC[C@H](NC2=N/C(=C\c3ccc4ncsc4c3)C(=O)N2)C1,1.0
O=C1NC(N[C@@H]2CCC[C@@H](O)C2)=N/C1=C\c1ccc2ncsc2c1,1.0
CO[C@@H]1CCC[C@@H](NC2=N/C(=C\c3ccc4ncsc4c3)C(=O)N2)C1,1.0
O=C1NC(N[C@@H]2CCCC[C@@H]2O)=N/C1=C\c1ccc2ncsc2c1,1.0
C[C@@H]1CCCC[C@H]1NC1=N/C(=C\c2ccc3ncsc3c2)C(=O)N1,1.0
O=C1NC(N[C@@H]2CCC[C@H](O)C2)=N/C1=C\c1ccc2ncsc2c1,1.0
CO[C@H]1CCCC[C@@H]1NC1=N/C(=C\c2ccc3ncsc3c2)C(=O)N1,1.0
CO[C@H]1CCC[C@@H](NC2=N/C(=C\c3ccc4ncsc4c3)C(=O)N2)C1,1.0
O=C1NC(N[C@H]2CC[C@H](O)CC2)=N/C1=C\c1ccc2ncsc2c1,1.0
O=C1NC(NC2CCC(F)(F)CC2)=N/C1=C\c1ccc2ncsc2c1,1.0
O=C1NC(NC2CCCCC2)=N/C1=C\c1ccc2ncsc2c1,1.0
O=C1NC(N[C@@H]2CCCC[C@H]2O)=N/C1=C\c1ccc2ncsc2c1,1.0
CO[C@@H]1CCCC[C@H]1NC1=N/C(=C\c2ccc3ncsc3c2)C(=O)N1,1.0
O=C1NC(N[C@H]2CCCC[C@H]2O)=N/C1=C\c1ccc2ncsc2c1,1.0
CO[C@H]1CC[C@H](NC2=N/C(=C\c3ccc4ncsc4c3)C(=O)N2)CC1,1.0
CO[C@H]1CCCC[C@H]1NC1=N/C(=C\c2ccc3ncsc3c2)C(=O)N1,1.0
CC(C)[C@@H]1CC[C@@H](C)C[C@H]1NC1=N/C(=C\c2ccc3ncsc3c2)C(=O)N1,1.0
O=C1NC(N[C@H]2CCCC[C@@H]2O)=N/C1=C\c1ccc2ncsc2c1,1.0
Cc1nc2ccc(/C=C3\N=C(NC4CCCCC4)NC3=O)cc2s1,1.0
CC(C)C[C@H](COCc1ccccc1)NC1=N/C(=C\c2ccc3ncsc3c2)C(=O)N1,1.0
CC(C)C[C@H](COCc1ccc(F)cc1)NC1=N/C(=C\c2ccc3ncsc3c2)C(=O)N1,1.0
COc1ccc2sc(-c3cncc(NC(C)=O)c3)nc2c1,1.0
COc1ccc(-c2n[nH]c3ncc(Nc4cccc(O)c4)cc23)cc1,1.0
COc1ccc(-c2n[nH]c3ncc(Nc4ccccc4)cc23)cc1,1.0
COc1cccc(-c2n[nH]c3ncc(Nc4cccc(O)c4)cc23)c1,1.0
COc1cccc(-c2n[nH]c3ncc(Nc4ccccc4)cc23)c1,0.0
COc1ccc(-c2n[nH]c3ncc(Nc4cc(C(F)(F)F)cc(C(F)(F)F)c4)cc23)cc1,0.0
COc1cccc(-c2ncccn2)c1,0.0
c1cncc(CNc2nccc(-c3ccc4cn[nH]c4c3)n2)c1,1.0
O=C(Nc1cccc(CN2CCOCC2)n1)Nc1cccc2c1C1CCCCN1C2=O,0.0
Cc1ccc([N+](=O)[O-])cc1S(=O)(=O)N(C)/N=C/c1cnc2ccc(Br)cn12,1.0
CN(C)c1ncc(F)c(-c2cnn3ncccc23)n1,1.0
CN(C)c1nccc(-c2cnn3ncccc23)n1,1.0
CN(CCCC(F)(F)F)c1nccc(-c2cnn3ncccc23)n1,1.0
Cc1cnn2ncc(-c3ccnc(N(C)C)n3)c2c1,1.0
COc1ccnn2ncc(-c3ccnc(N(C)C)n3)c12,1.0
CNc1nccc(-c2cnn3ncccc23)n1,1.0
COCCCN(C)c1nccc(-c2cnn3ncccc23)n1,1.0
CN(CCC(F)(F)F)c1nccc(-c2cnn3ncccc23)n1,1.0
CCCN(CCOC)c1nccc(-c2cnn3ncccc23)n1,1.0
CN(C)c1ncc(Cl)c(-c2cnn3ncccc23)n1,1.0
Nc1nccc(-c2cnn3ncccc23)n1,1.0
Cc1ccnn2ncc(-c3ccnc(N(C)C)n3)c12,1.0
CCCN(c1nccc(-c2cnn3ncccc23)n1)C(C)C,1.0
Cc1ccc2c(-c3ccnc(N(C)C)n3)cnn2n1,1.0
COc1cnc(N(C)C)nc1-c1cnn2ncccc12,0.0
CN(C)c1nc(Cl)cc(-c2cnn3ncccc23)n1,0.0
CN(C)c1ncc(Br)c(-c2cnn3ncccc23)n1,0.0
CN(C)c1ncc(I)c(-c2cnn3ncccc23)n1,0.0
COc1ccc2c(-c3ccnc(N(C)C)n3)cnn2n1,0.0
Cc1cnc(N(C)C)nc1-c1cnn2ncccc12,0.0
Cc1cc(-c2cnn3ncccc23)nc(N(C)C)n1,0.0
CN(C)c1ncc(C(F)(F)F)c(-c2cnn3ncccc23)n1,0.0
CC(C)c1cc(-c2cnn3ncccc23)nc(N(C)C)n1,0.0
Cc1nn2ncccc2c1-c1ccnc(N(C)C)n1,0.0
COc1cc(-c2cnn3ncccc23)nc(N(C)C)n1,0.0
CC(=O)c1cc2cc(O)ccc2s1,1.0
COc1ccc2sc(C(=O)N(C)OC)cc2c1,1.0
O=C(O[C@@H]1Cc2c(O)cc(O)cc2O[C@@H]1c1cc(O)c(O)c(O)c1)c1cc(O)c(O)c(O)c1,1.0
COc1cc(C(=O)O[C@@H]2Cc3c(O)cc(O)cc3O[C@@H]2c2cc(O)c(O)c(O)c2)cc(O)c1O,1.0
O=C(O[C@@H]1Cc2c(O)cc(O)cc2O[C@@H]1c1ccc(O)c(O)c1)c1cc(O)c(O)c(O)c1,1.0
CC(C)(C)c1ccc(-c2coc3ccc(-c4cnn(CCN5CCOCC5)c4)nc23)cc1,0.0
CC[C@@H](CO)Nc1nc(Nc2ncccn2)c2ncn(C(C)C)c2n1,0.0
CC(C)[C@@H](CO)Nc1nc(Nc2ncccn2)c2ncn(C(C)C)c2n1,0.0
CC[C@H](CO)Nc1nc(Nc2ncccn2)c2ncn(C(C)C)c2n1,0.0
CC(C)n1cnc2c(Nc3ncccn3)nc(Cl)nc21,0.0
CC(C)[C@H](CO)Nc1nc(Nc2ncccn2)c2ncn(C(C)C)c2n1,0.0
Clc1ccc(CNc2nccc(-c3ccc4cn[nH]c4c3)n2)cc1Cl,1.0
CN1CCN(C(=O)c2ccc(NC(=O)Nc3nc4ccc(O)cc4s3)cc2)CC1,1.0
CC(C)C[C@@H](O)Nc1nc(Nc2ccc(-c3cncnc3)cc2)c2ncn(C(C)C)c2n1,1.0
CC(C)C[C@H](O)Nc1nc(Nc2ccc(-c3cncnc3)cc2)c2ncn(C(C)C)c2n1,0.0
CC(C)CC[C@H](O)Nc1nc(Nc2ccc(-c3cncnc3)cc2)c2ncn(C(C)C)c2n1,0.0
CCC[C@H](O)Nc1nc(Nc2ccc(-c3cncnc3)cc2)c2ncn(C(C)C)c2n1,0.0
CC(C)n1cnc2c(Nc3ccc(-c4cncnc4)cc3)nc(NC(O)CCO)nc21,0.0
CC(C)C(O)Nc1nc(Nc2ccc(-c3cncnc3)cc2)c2ncn(C(C)C)c2n1,0.0
CC(C)n1cnc2c(Nc3ccc(-c4cncnc4)cc3)nc(Cl)nc21,0.0
O=C(O)c1nc2ccsc2c2[nH]c3c(Cl)cccc3c12,1.0
CC(C)[C@@H](CO)Nc1nc(Nc2ccccn2)c2ncn(C(C)C)c2n1,0.0
CC(C)[C@H](CO)Nc1nc(Nc2ccccn2)c2ncn(C(C)C)c2n1,0.0
CC[C@@H](CO)Nc1nc(Nc2ccccn2)c2ncn(C(C)C)c2n1,0.0
CC[C@H](CO)Nc1nc(Nc2ccccn2)c2ncn(C(C)C)c2n1,0.0
CC(C)n1cnc2c(Nc3ccccn3)nc(Cl)nc21,0.0
Cn1cnc2ccc(/C=C3\N=C(NC4CCCCCC4)NC3=O)cc21,1.0
COC(=O)c1ccc(C)c(NC(=O)c2cc3cc(OC)c(OC)cc3[nH]c2=O)c1,1.0
CC(C)Oc1ccc(F)c(-c2cnc(N)c(C(=O)Nc3cnccc3N3CCC[C@@H](C(=O)O)C3)n2)c1,1.0
CC(C)Oc1ccc(F)c(-c2cnc(N)c(C(=O)Nc3cnccc3N3CCCC(C(=O)O)C3)n2)c1,1.0
Nc1ncc(-c2ccccc2)nc1C(=O)Nc1cnccc1N1CCC(C(=O)O)CC1,1.0
Nc1ncc(-c2ccccc2)nc1C(=O)Nc1cnccc1N1CCC(N)CC1,1.0
COc1cccc(-c2cnc(N)c(C(=O)Nc3cnccc3N3CCC(C(=O)O)CC3)n2)c1,1.0
Nc1ncc(-c2ccccc2F)nc1C(=O)Nc1cnccc1N1CCC(C(=O)O)CC1,1.0
COc1ccccc1-c1cnc(N)c(C(=O)Nc2cnccc2N2CCC(C(=O)O)CC2)n1,0.0
CC(C)c1cnn2c(NCc3ccccc3)cc(N[C@@H](CO)[C@H](O)CO)nc12,0.0
O=C1NC(N[C@@H](CO)CC2CC2)=N/C1=C\c1ccc2ncsc2c1,1.0
COc1ccc(/C=C2\NC(=O)NC2=O)cc1,0.0
Cc1sc(C(=O)N[C@@H]2[C@H](N)CCCC2(F)F)cc1-c1cnn2cc(Cl)cnc12,1.0
CC(=O)c1ccc(-c2ccc3ncc4nnn([C@@H](C)c5ccc(F)cc5)c4c3c2)s1,0.0
O=C1NC(Nc2ccccc2)=N/C1=C/c1ccc2c(c1)OCO2,1.0
COc1ccc2c(c1)[nH]c1c3c(OC)cncc3cc(C#N)c21,1.0
COc1ccc2c(c1)[nH]c1c3ccncc3cc(C#N)c21,1.0
COc1cccc2c1[nH]c1c3ccncc3cc(C#N)c21,1.0
N#Cc1cc2cnccc2c2[nH]c3ccccc3c12,1.0
N#Cc1cc2cnccc2c2[nH]c3ccc(F)cc3c12,1.0
COc1ccc2[nH]c3c4ccncc4cc(C#N)c3c2c1,1.0
COc1cccc2c1[nH]c1c3ccncc3cc(C(N)=O)c21,1.0
COc1ccc2[nH]c3c4c(OC)cncc4cc(C#N)c3c2c1,1.0
COc1ccc2c(c1)[nH]c1c3ccncc3cc(CN(C)C)c21,1.0
COc1cccc2[nH]c3c4ccncc4cc(C#N)c3c12,1.0
COc1ccc2c(c1)[nH]c1c3ccncc3cc(CN)c21,1.0
COc1ccc2c(c1)[nH]c1c3ccncc3cc(CNC(C)=O)c21,1.0
COc1ccc2c(c1)[nH]c1c3ccncc3cc(C(N)=O)c21,0.0
COc1ccc2c(c1)[nH]c1c3c(OC)cncc3cc(C(N)=O)c21,0.0
N#Cc1cc2cnccc2c2[nH]c3ccc(Cl)cc3c12,0.0
FC(F)(F)CNc1nc(Nc2ccc3cn[nH]c3c2)nc2ccoc12,0.0
CNCc1ccc(-c2[nH]c3cc(F)cc4c3c2CCNC4=O)cc1,0.0
NC(=O)c1sc(-c2ccnc(NC(=O)C3CC3)c2)nc1OCCCC1CCN(Cc2ccc(F)cc2)CC1,1.0
FC(F)(F)CNc1nc(Nc2ccc(N3CCOCC3)c(Cl)c2)nc2ccoc12,0.0
c1ccc(-c2ccc(-c3coc4ccc(-c5cn[nH]c5)nc34)cc2)cc1,0.0
COCCc1cc2cc(C(=O)Nc3cc(C(=O)N[C@H](CCN)c4ccccc4)ccc3Cl)c(=O)[nH]c2cc1OC,1.0
COc1cc2cc(C(=O)Nc3cc(C(=O)NC(CN)c4ccccc4)ccc3C)c(=O)[nH]c2cc1OC,1.0
CC1(F)CN(c2nccc(-c3cnn4ncccc34)n2)C1,1.0
c1cnn2ncc(-c3ccnc(N4CCC4)n3)c2c1,1.0
O=C1NC(NC2CCCCCC2)=N/C1=C\c1ccc2nnsc2c1,1.0
Fc1cc(F)cc(CNc2cnc3[nH]cc(-c4ccc5ccccc5c4)c3c2)c1,0.0
C[C@@H]1C[C@H]1C(=O)N1CCN(c2cnc(C#N)c(-c3cnn(C)c3)n2)C[C@H]1C,0.0
O=C(Nc1cccc(CN2CCCCC2)n1)Nc1cccc2c1C1CCCCN1C2=O,0.0
Cc1c2c(cc[n+]1Cc1ccccc1)c1ccc(OCC3CCCCC3)cc1n2CC1CCCCC1,0.0
CNC(=O)c1ccc(Nc2nc(OC3CCCC3)c3c(-c4ccc5nc(C)oc5c4)c[nH]c3n2)c(OC)c1,1.0
CN(C)c1nccc(-c2cnn3ccccc23)n1,1.0
CCn1c(-c2nonc2N)nc2cncc(CNC3CCNCC3)c21,0.0
COc1ccc(/C=C2\SC(=S)NC2=O)cc1C#C[Si](C)(c1ccccc1)c1ccccc1,1.0
O=C(Nc1ccc2[nH]ncc2c1)c1csc(Nc2ccccc2)n1,0.0
O=C1NC(NC2CCCCOC2)=N/C1=C\c1ccc2ncsc2c1,1.0
COc1ccc(-c2n[nH]c3ncc(Nc4cccc(OCc5ccccc5)c4)cc23)cc1,1.0
COc1cccc(-c2n[nH]c3ncc(Nc4cccc(OCc5ccccc5)c4)cc23)c1,0.0
C[C@@H](c1ccc(F)cc1)n1nnc2cnc3ccc(-c4ccc(N5CCN(C)CC5)nc4)cc3c21,0.0
CN1Cc2nn(C)cc2-c2cnc3[nH]cc(c3c2)-c2cnn(c2)CCCCC1=O,1.0
Cc1occc1CNc1ncnc2ccc(-c3ccc4c(c3)OCO4)cc12,1.0
c1nc(NCc2ccoc2)c2cc(-c3ccc4c(c3)OCO4)ccc2n1,1.0
O=C1NC(Nc2ccc3c(c2)CCC3)=N/C1=C\c1ccc2ncsc2c1,0.0
CS(=O)(=O)NC12CC3CC(CC(NC4=N/C(=C\c5ccc6ncsc6c5)C(=O)N4)(C3)C1)C2,1.0
O=C1NC(NC23CC4CC(CC(C4)C2)C3)=N/C1=C\c1ccc2ncsc2c1,1.0
CC(=O)NC12CC3CC(C1)CC(NC1=N/C(=C\c4ccc5ncsc5c4)C(=O)N1)(C3)C2,1.0
O=C1NC(NC23CC4(F)CC(F)(CC(F)(C4)C2)C3)=N/C1=C\c1ccc2ncsc2c1,1.0
CN(C)C12CC3CC(CC(NC4=N/C(=C\c5ccc6ncsc6c5)C(=O)N4)(C3)C1)C2,1.0
CC(=O)OC12CC3CC(CC(NC4=N/C(=C\c5ccc6ncsc6c5)C(=O)N4)(C3)C1)C2,1.0
CC(C)(C)NC(=O)OC12CC3CC(CC(NC4=N/C(=C\c5ccc6ncsc6c5)C(=O)N4)(C3)C1)C2,1.0
Cc1nc2ccc(/C=C3\N=C(NC45CC6CC(CC(C6)C4)C5)NC3=O)cc2s1,1.0
C[C@]12CC3CC(NC4=N/C(=C\c5ccc6ncsc6c5)C(=O)N4)(C1)C[C@@](C)(C3)C2,1.0
CC(C)(C)C(=O)OC12CC3CC(CC(NC4=N/C(=C\c5ccc6ncsc6c5)C(=O)N4)(C3)C1)C2,1.0
COc1ccc2[nH]c(-c3ccc4cc(O)ccc4c3)c(-c3ccncc3)c2n1,1.0
Cn1c2c(O)cccc2c(=O)c2c3occc3c3c(c21)C=CC(C)(C)O3,0.0
O=C1N=C(Nc2c(Cl)cccc2Cl)S/C1=C\c1ccc2nccnc2c1,1.0
N[C@@H]1CCCN(c2ccnc3c(F)cc(-c4c[nH]c5ncc(C(=O)NCc6cncnc6)cc45)cc23)C1,1.0
O=C(Nc1ccncn1)Nc1cccc2c1C1CCCCN1C2=O,0.0
CC(=O)Nc1ccc(-c2cnc3[nH]cc(-c4ccc(O)cc4)c3c2)cc1,1.0
Oc1ccc(-c2cnc3[nH]cc(-c4ccc(F)cc4)c3c2)cc1O,1.0
Oc1ccc(-c2cnc3[nH]cc(-c4ccc(O)cc4)c3c2)cc1,1.0
NC(=O)Nc1ccc(-c2cnc3[nH]cc(-c4ccc(O)cc4)c3c2)cc1,1.0
Nc1ccc(-c2cnc3[nH]cc(-c4ccc(O)cc4)c3c2)cc1,1.0
CS(=O)(=O)Nc1ccc(-c2cnc3[nH]cc(-c4ccc(O)cc4)c3c2)cc1,1.0
O=[N+]([O-])c1ccc(-c2cnc3[nH]cc(-c4ccc(O)cc4)c3c2)cc1,1.0
Nc1ccc(-c2c[nH]c3ncc(-c4ccc(O)cc4)cc23)cc1,1.0
Nc1cnc2ccc(-c3c[nH]c4ncc(C(=O)NCc5cccnc5)cc34)cc2c1,1.0
CC(=O)Nc1cnc2ccc(-c3c[nH]c4ncc(C(=O)NCc5cccnc5)cc34)cc2c1,1.0
COc1ccc2c(Cl)c(C(=O)NNC(=O)C3CCCCC3)sc2c1,0.0
Cc1nc2ccc(-c3cc(N)nc(N)c3)nc2n1CCOc1ccccc1,1.0
Cc1nc2ccc(-c3cc(N)nc(N)c3)nc2n1C[C@H](C)Oc1ccccc1,1.0
Cc1nc2ccc(-c3cc(N)nc(N)c3)nc2n1C[C@@H](C)Oc1ccccc1,1.0
CN1CCN(c2cnc(NC3=N/C(=C\c4ccc5ncsc5c4)C(=O)N3)nc2)CC1,1.0
O=C1NC(NC2CCCCCC2)=N/C1=C\c1ccc2c(c1)OCO2,1.0
O=C1NC(NC2CC3(CCC3)C2)=N/C1=C\c1ccc2ncsc2c1,0.0
O=C(Nc1ccccc1)Nc1cccc2c1C1CCCCN1C2=O,0.0
O=C1NC(NC23CC4CC(CC(C4)C2)C3)=N/C1=C\c1ccc2c(c1)CCO2,1.0
C[C@]12O[C@H](C[C@]1(O)CO)n1c3ccccc3c3c4c(c5c6ccccc6n2c5c31)CNC4=O,1.0
COc1c2c(cc3c1-c1c4c(cc5c1C(C3)NCC5)OCO4)OCO2,0.0
CN1Cc2nn(C)c(C#N)c2-c2cnc3[nH]c(F)c(c3c2)-c2cn(nc2C(F)(F)F)CCCC1=O,1.0
CN1Cc2nn(C)cc2-c2cnc3[nH]cc(c3c2)-c2cnn(c2)CCCC1=O,1.0
CN1Cc2nn(C)c(C#N)c2-c2cnc3[nH]cc(c3c2)-c2cn(nc2C(F)(F)F)CCCC1=O,1.0
Cc1[nH]c2ncc3cc2c1-c1cn(nc1C(F)(F)F)CCCC(=O)N(C)Cc1nn(C)c(C#N)c1-3,1.0
COc1c2c(nn1C)CN(C(C)C)C(=O)CCCn1cc(c(C(F)(F)F)n1)-c1c[nH]c3ncc-2cc13,1.0
COc1c2c(nn1C)CN(C(C)C)C(=O)CCCn1cc(c(C(F)(F)F)n1)-c1c(C)[nH]c3ncc-2cc13,1.0
O=C(O)c1ccc2c(c1)nc(Nc1cccc(Cl)c1)c1ccncc12,1.0
CN1C(=O)[C@H]2CCC[C@H]2N(C2CCCC2)c2nc(Nc3ccc(C(N)=O)cc3)ncc21,0.0
Nc1cc(-c2ccc3ncnn3c2)cc(N)n1,1.0
O=C1NC(=O)/C(=C/c2ccc3nccnc3c2)S1,1.0
CC(C)[C@H](CO)Nc1nc(Nc2cccc(Cl)c2)c2ncn(C(C)C)c2n1,1.0
COc1ccc(Nc2cc(-c3ccncc3)n[nH]c2=O)cc1,1.0
O=C1c2c([nH]c3c(Cl)cccc23)CCC1N1CCCCC1,1.0
CC[C@@H](CO)Nc1cc(NCc2ccc(-c3ccccn3)cc2)c2ncn(C(C)C)c2n1,0.0
C[C@@H](c1ccc(F)cc1)n1nnc2cnc3ccc(N4CCOCC4)cc3c21,0.0
O=C1NC(N[C@@H]2CCCOC2)=N/C1=C\c1ccc2ncsc2c1,1.0
O=C1NC(N[C@H]2COCC[C@@H]2O)=N/C1=C\c1ccc2ncsc2c1,1.0
COc1cc2[nH]c(=O)c(C(=O)Nc3cc(C(=O)NC(CCN)c4ccsc4)ccc3Cl)cc2cn1,1.0
COC(CNC1=N/C(=C\c2ccc3ncsc3c2)C(=O)N1)C1CCCCC1,1.0
O=C1NC(NCC(O)C2CCCCC2)=N/C1=C\c1ccc2ncsc2c1,1.0
O=C1NC(N[C@@H](CO)CC2CCCCC2)=N/C1=C\c1ccc2ncsc2c1,1.0
O=c1c2c(ccc3nc(-c4cccnc4)sc32)ncn1Cc1ccccc1,1.0
O=c1ccccc2[nH]c3c(Cl)cccc3c12,1.0
O=C(c1cccc(O)c1)c1ccc2cc(O)ccc2c1,0.0
Cn1c(C(=O)c2cccc(O)c2)cc2cc(O)ccc21,0.0
O=C(c1cccc(O)c1)c1cc2cc(O)ccc2[nH]1,0.0
COc1ncc2cc(C(=O)Nc3cc(C(=O)NCc4cccs4)ccc3Cl)c(=O)[nH]c2n1,1.0
O=C1NC(NC23CC4CC(CC(NC(=O)C5CC5)(C4)C2)C3)=N/C1=C\c1ccc2ncsc2c1,1.0
O=C1NC(NC2CCCCC2)=N/C1=C\c1ccc2ncoc2c1,1.0
O=C1NC(Nc2ccc(N3CCNCC3)cc2)=N/C1=C\c1ccc2c(c1)OC=CO2,1.0
O=C(Nc1cccc(O)c1)Nc1nc2ccc(O)cc2s1,1.0
O=C(Nc1ccccc1)Nc1nc2ccc(O)cc2s1,1.0
CC[C@@H]1CN(C(=O)NCC(F)(F)F)C[C@@H]1c1cnc2cnc3[nH]ccc3n12,0.0
CC(C)(C)c1ccc(-c2coc3ccc(-c4nn[nH]n4)nc23)cc1,0.0
Cn1cc(-c2ccc3occ(-c4cccc(-c5cn[nH]c5)c4)c3n2)cn1,1.0
Cn1cc(-c2cccc(-c3coc4ccc(-c5cnn(C)c5)nc34)c2)cn1,1.0
CN(C)c1nccc(-c2cnc3ccccn23)n1,1.0
CCN(CC)Cc1ccc(OC)c(-c2cc3c(-c4ccc(C(=O)O)c(C(C)C)c4)ccnc3[nH]2)c1,0.0
COC[C@@H](CC(C)C)NC1=N/C(=C\c2ccc3c(cnn3C)c2)C(=O)N1,1.0
COC[C@@H](CC(C)C)NC1=N/C(=C\c2ccc3[nH]ncc3c2)C(=O)N1,1.0
COC[C@@H](CC(C)C)NC1=N/C(=C\c2ccc3[nH]ncc3c2)C(=O)N1C,1.0
COC[C@@H](CC(C)C)NC1=N/C(=C\c2ccc3c(cnn3C)c2)C(=O)N1C,1.0
O=C1NC(NC2CCCCCC2)=N/C1=C\c1ccc2scnc2c1,0.0
CN1CCN(C(=O)C(C)(C)c2ccc(C(=O)Nc3cn4cc(-c5cc(C(C)(C)C)cc(C(C)(C)C)c5)ccc4n3)cc2)CC1,0.0
C[C@@H]1CN(C(=O)Nc2cc(-c3cn([C@H]4CC[C@@](C)(O)CC4)c4cnccc34)ccn2)C[C@H](C)O1,1.0
COc1ncc2cc(C(=O)Nc3cc(C(=O)NCc4ccsc4)ccc3Cl)c(=O)[nH]c2n1,1.0
Cc1oc2ccc(-c3cc(N)nc(N)c3)cc2c1C,1.0
Nc1cc(-c2ccc3occc3c2)cc(N)n1,1.0
CNc1cc(-c2ccc3occc3c2)cc(N)n1,1.0
Nc1cc(-c2ccc3occc3c2)ccn1,1.0
Cc1cc2cc(-c3cc(N)nc(N)c3)ccc2o1,1.0
Nc1cc(-c2ccc3oc(Cl)cc3c2)cc(N)n1,1.0
Cc1cc(-c2ccc3occc3c2)cc(N)n1,1.0
COCCCNc1cc(-c2ccc3occc3c2)cc(N)n1,1.0
CNCC(=O)Nc1cc(-c2ccc3occc3c2)cc(N)n1,1.0
c1cc(-c2ccc3occc3c2)ccn1,1.0
c1cc(-c2cn(CCCN3CCOCC3)c3cnccc23)ccn1,1.0
O=C1NC(Nc2ccccc2)=N/C1=C\c1ccc2c(c1)OCCCO2,0.0
COc1ccc2[nH]c(-c3cccc(O)c3)c(-c3ccccn3)c2n1,0.0
COc1ccc2c(c1)[nH]c1c(N3CCC3)nccc12,1.0
O=C(O[C@@H]1Cc2ccccc2C[C@H]1c1cc(O)c(O)c(O)c1)c1cc(O)c(O)c(O)c1,0.0
N#Cc1c(N2CCOCC2)nc2[nH]nc(N)c2c1-c1ccccc1,0.0
Fc1cc(F)cc(CNc2cnc3[nH]cc(-c4cccnc4)c3c2)c1,1.0
Fc1cccc(CNc2cnc3[nH]cc(-c4cccnc4)c3c2)c1,1.0
FC(F)(F)c1cccc(CNc2cnc3[nH]cc(-c4cccnc4)c3c2)c1,1.0
CC(C)(C)c1cccc(CNc2cnc3[nH]cc(-c4cccnc4)c3c2)c1,1.0
COc1cncc(-c2c[nH]c3ncc(NCc4cc(F)cc(F)c4)cc23)c1,0.0
CCN(CC)c1ccc(CNc2cnc3[nH]cc(-c4cccnc4)c3c2)cc1,0.0
COc1cncc(-c2c[nH]c3ncc(NCc4cccc(F)c4)cc23)c1,0.0
COc1cncc(-c2c[nH]c3ncc(NCc4ccc(F)cc4)cc23)c1,0.0
CC(C)c1cccc(CNc2cnc3[nH]cc(-c4cccnc4)c3c2)c1,0.0
Nc1ncc2cc3cnccc3cc2n1,1.0
N=C1NC(=O)/C(=C/c2ccc3c(c2)CCO3)S1,1.0
Cc1nc(OCc2cscn2)c2c(-c3ccnc(N)c3)c[nH]c2n1,1.0
Oc1ccc(-c2c[nH]c3ncc(-c4ccc5[nH]ccc5c4)cc23)cc1,1.0
O=C1NC(Nc2ccc(N3CCOCC3)cc2)=N/C1=C\c1ccc2ncsc2c1,0.0
O=C(Nc1cc(-c2ccccc2)on1)Nc1cccc2c1C1CCCCN1C2=O,0.0
O=C1NC(NC2CCCCC2)=N/C1=C\c1ccc2[nH]cnc2c1,1.0
Cn1cnc2cc(/C=C3\N=C(NC4CCCCC4)NC3=O)ccc21,0.0
C=CCN(C)C(=O)c1cnc2[nH]cc(-c3cc(F)c4ncccc4c3)c2c1,1.0
CNC(=O)c1cnc2[nH]cc(-c3ccc4ncccc4c3)c2c1,1.0
NCCCNC(=O)c1cnc2[nH]cc(-c3cc(Cl)c4ncccc4c3)c2c1,1.0
NCCCNC(=O)c1cnc2[nH]cc(-c3cc(F)c4ncccc4c3)c2c1,1.0
CNC(=O)c1cnc2[nH]cc(-c3cc(OC)c4ncccc4c3)c2c1,1.0
C=CCN(C)C(=O)c1cnc2[nH]cc(-c3cc(Cl)c4ncccc4c3)c2c1,1.0
C=CCCCc1ccnc2ccc(-c3c[nH]c4ncc(CN(C)CC=C)cc34)cc12,1.0
CNC(=O)c1cnc2[nH]cc(-c3ccc4nccc(Cl)c4c3)c2c1,1.0
CNC(=O)c1cnc2[nH]cc(-c3cc(F)c4ncccc4c3)c2c1,1.0
COc1cc(-c2c[nH]c3ncccc23)cc2cccnc12,1.0
Clc1cc(-c2c[nH]c3ncccc23)cc2cccnc12,1.0
Cc1cc(-c2c[nH]c3ncccc23)cc2cccnc12,1.0
Fc1cc(-c2c[nH]c3ncccc23)cc2cccnc12,1.0
C=CCN(C)C(=O)c1cnc2[nH]cc(-c3ccc4nccc(Cl)c4c3)c2c1,1.0
c1cnc2ccc(-c3c[nH]c4ncccc34)cc2c1,1.0
FC(F)(F)Oc1cc(-c2c[nH]c3ncccc23)cc2cccnc12,1.0
NC(=O)c1cnc2[nH]cc(-c3cc(F)c4ncccc4c3)c2c1,1.0
C=CCN(C)C(=O)c1cnc2[nH]cc(-c3cc(OC)c4ncccc4c3)c2c1,1.0
O=C(Nc1cccc(N2CCCCC2)n1)Nc1cccc2c1C1CCCCN1C2=O,0.0
COC(=O)[C@]1(Cc2ccc(O)c(CC=C(C)C)c2)OC(=O)C(OS(=O)(=O)O)=C1c1ccc(O)cc1,0.0
COC(=O)[C@@]1(Cc2ccc(O)c(CC=C(C)C)c2)OC(=O)C(O)=C1c1ccc(O)cc1,0.0
COC(=O)[C@]1(Cc2ccc(OS(=O)(=O)O)c(CC=C(C)C)c2)OC(=O)C(O)=C1c1ccc(O)cc1,0.0
O=C(NCC(F)(F)F)c1cc(-c2cnn3cc(-c4ccc(OCCN5CCCCC5)cc4)cnc23)cs1,1.0
Cc1cc(NC(=O)Nc2cccc3c2C2CCCCN2C3=O)no1,0.0
CC(C)[C@H](CO)Nc1nc(Nc2ccnnc2)c2ncn(C(C)C)c2n1,1.0
CC[C@@H](CO)Nc1nc(Nc2ccnnc2)c2ncn(C(C)C)c2n1,1.0
CC[C@H](CO)Nc1nc(Nc2ccnnc2)c2ncn(C(C)C)c2n1,1.0
CC(C)[C@@H](CO)Nc1nc(Nc2ccnnc2)c2ncn(C(C)C)c2n1,1.0
CC(C)n1c(C(CO)CO)nc2c(Nc3ccnnc3)ncnc21,1.0
CC(C)n1cnc2c(Nc3ccnnc3)nc(C(C)(C)CO)nc21,0.0
CC(C)n1cnc2c(Nc3ccnnc3)nc(Cl)nc21,0.0
O=C(/C=C/c1cccc2c3c([nH]c12)-c1cccnc1NC(=O)C3)Nc1ccccc1,0.0
CN1CCC(Nc2c(C#N)cnc3ccc(-c4c[nH]c5ncccc45)cc23)CC1,1.0
CN1CCC(N(C)c2c([N+](=O)[O-])cnc3ccc(-c4c[nH]c5ncccc45)cc23)CC1,1.0
CC(=O)N1CCC(Nc2c(N)cnc3ccc(-c4c[nH]c5ncccc45)cc23)CC1,1.0
CN1CCC(Nc2ccnc3ccc(-c4c[nH]c5ncccc45)cc23)CC1,1.0
C[C@@H](c1ccc(F)cc1)n1nnc2cnc3ccc(-c4cnn(C)c4)cc3c21,0.0
O=C1NC(NC[C@H](O)c2ccccc2)=N/C1=C\c1ccc2ncsc2c1,1.0
O=C1NC(NC[C@@H](O)c2ccccc2)=N/C1=C\c1ccc2ncsc2c1,1.0
O=C1NC(N[C@@H](CO)Cc2ccccc2)=N/C1=C\c1ccc2ncsc2c1,1.0
COC(=O)[C@H](Cc1ccccc1)NC1=N/C(=C\c2ccc3ncsc3c2)C(=O)N1,1.0
COCC(Cc1ccccc1)NC1=N/C(=C\c2ccc3ncsc3c2)C(=O)N1,1.0
COC(CNC1=N/C(=C\c2ccc3ncsc3c2)C(=O)N1)c1ccccc1,1.0
COC(=O)[C@@H](Cc1ccccc1)NC1=N/C(=C\c2ccc3ncsc3c2)C(=O)N1,1.0
COc1cc(NC(=O)Nc2cccc3c2C2CC4(CCN2C3=O)SCCS4)nc2ccccc12,0.0
Nc1cc(-c2ccc3ocnc3c2)cc(N)n1,1.0
Nc1nccc(-c2cn(C(=O)c3ccccc3)c3ccc(Br)cc23)n1,1.0
Nc1nccc(-c2cn(C(=O)c3ccccc3)c3ccccc23)n1,0.0
CC(C)n1cnc2c(Nc3cncnc3)nc(Nc3cncnc3)nc21,1.0
O=C1NC(NCc2cccnc2)=N/C1=C\c1ccc2ncsc2c1,1.0
O=C1NC(NC23CC4CC(CC(C4)C2)C3)=N/C1=C\c1ccc2[nH]ccc2c1,1.0
Cn1ccc2cc(/C=C3\N=C(NC45CC6CC(CC(C6)C4)C5)NC3=O)ccc21,0.0
O=C1OC(/C=C/c2ccccc2)=N/C1=C\c1cccnc1,0.0
COc1ccc(-c2c[nH]c3ncc(NCc4cc(F)cc(F)c4)cc23)cc1,1.0
Nc1cccc(-c2c[nH]c3ncc(NCc4cc(F)cc(F)c4)cc23)c1,1.0
Nc1ccc(-c2c[nH]c3ncc(NCc4cc(F)cc(F)c4)cc23)cc1,1.0
Fc1cc(F)cc(CNc2cnc3[nH]cc(-c4ccc(C(F)(F)F)cc4)c3c2)c1,1.0
NC(=O)c1cccc(-c2c[nH]c3ncc(NCc4cc(F)cc(F)c4)cc23)c1,0.0
COc1ccc(/C=C2\SC(NCCCN3CCN(CCCNC4=NC(=O)/C(=C/c5ccc(OC)cc5)S4)CC3)=NC2=O)cc1,1.0
O=C1Cc2c([nH]c3cc[n+]([O-])cc23)-c2ccccc2N1,0.0
COc1ccc(-c2ccc3nc(-c4ccc(O)c(C(N)=O)c4)cn3c2)cc1,0.0
NC(=O)c1cc(-c2cn3cc(-c4ccc([N+](=O)[O-])cc4)ccc3n2)ccc1O,0.0
O=C1NC(N2CCN(c3ccc(F)cc3)CC2)=N/C1=C\c1ccc2c(c1)OCCO2,0.0
N#C/C(=C\c1cccnc1)c1c[nH]c2ncccc12,1.0
